order_id,order_item_id,product_id,seller_id,shipping_limit_date,price,freight_value
45a4a071e0749a0e0f07a6d4bb653988,1,41f1e5a38185a9ae6090a552b712ba43,e5a3438891c0bfdb9394643f95273d8e,2018-02-20 13:27:41,55.3,11.89
13359bb817972f7492a922fa64a69cad,2,fbc1488c1a1e72ba175f53ab29a248e8,289cdb325fb7e7f891c38608bf9e0962,2018-07-24 10:15:22,118.8,2.1
c92a1e5ecc2f42594b4c40567e387039,1,e67307ff0f15ade43fcb6e670be7a74c,f4aba7c0bca51484c30ab7bdc34bcdd1,2017-07-18 20:32:19,18.99,15.1
9b555b4c4f3028463eb59bbe1e9e9bda,2,b532349fe46b38fbc7bb3914c1bdae07,1025f0e2d44d7041d6cf58b6550e0bfa,2018-02-20 21:10:24,38.4,16.11
8cb07e7e810ad9e5f33062cb4735d488,1,a703f5ade6e4fae527357132230ea778,f4aba7c0bca51484c30ab7bdc34bcdd1,2017-01-28 00:22:40,23.9,14.52
3e654c7f3c4a852f6b18cede3015ea0d,1,08a58dc963320d6073623382b9ceb920,8e8a7ce9f2f970dc00e2acf6f6e199f6,2018-03-19 09:15:32,129.0,7.93
f9df671328c983159e6f49c929679f5c,1,da0bb22eb8eb2bce31a3784570528efb,3d871de0142ce09b7081e2b9d1733cb1,2018-05-15 10:52:54,79.0,23.13
86578f0c3f981f1375949e7239ae1adb,1,821989139f3c663402b835436a9d5639,7178f9f4dd81dcef02f62acdf8151e01,2018-01-19 17:37:27,189.0,35.12
b90c1e9ed0e0b7a17f371bc44ae1f0a3,1,a8fe47ad6f852f93cc92c7b408687de3,aaed1309374718fdd995ee4c58c9dfcd,2017-04-20 14:55:17,72.9,31.83
0c44de2eb92602da9bddda1c7b66aa30,1,76d1a1a9d21ab677a61c3ae34b1b352f,c826c40d7b19f62a09e2d7c5e7295ee2,2017-12-19 21:29:10,259.77,15.57
4a690c399549365763c91fd29ead7345,1,2a055622bea2fc1278c4ffef9eeec87b,1782ce2db72c3dda627d5e7c898104e1,2018-05-10 17:10:16,235.0,18.36
77c23814d1d6e57a273cab3849d8cda4,1,386486367c1f9d4f587a8864ccb6902b,cca3071e3e9bb7d12640c9fbe2301306,2017-10-03 11:07:12,113.57,18.04
7645406942825a748f5db38c177b0a5e,1,cad2db5e318d7283a234c517b2f28a42,8160255418d5aaa7dbdc9f4c64ebda44,2018-01-15 22:10:41,105.9,16.5
73689c18cffbd61ae75e2983453b4689,1,5f21301936c11698db6aee5444190da0,fe2032dab1a61af8794248c8196565c9,2017-05-08 09:10:16,149.9,11.66
a52e3d383eaf9797e19309a2f0fbc4b2,1,422879e10f46682990de24d770e7f83d,1f50f920176fa81dab994f9023523100,2017-12-01 21:39:38,49.0,17.64
d448de8241268ed4ffd2e0fd2c3c49b2,1,71e8e7b22adb117478bdbcd1c2b0c325,97e4a63591ca439a2b8b7efd20e6e19e,2018-08-23 19:49:30,69.99,11.75
a54f14e8c617edc690ea2b56276d6743,1,e5ae72c62ebfa708624f5029d609b160,f457c46070d02cadd8a68551231220dd,2018-06-17 21:23:41,63.9,13.79
44f656d7fbb37d161491617473307a59,1,3570caaeaa3f5a1ae76392bb2b4155f9,7008613ea464bad5cb9b83456e1e6a8f,2017-09-08 14:44:56,58.0,46.94
a8f60b9282c2f8e193d23d668bb74fa3,2,95d9994fadaf3720792cb0f1db17f782,0d85bbda9889ce1f7e63778d24f346eb,2017-09-20 10:50:13,58.9,16.17
833eedb56c32640feb0446e2e042b42a,1,ffef256879dbadcab7e77950f4f4a195,113e3a788b935f48aad63e1c41dac1bd,2018-05-03 04:30:50,31.78,12.79
16691e34c4f0624880bacf33ccd1b9f9,1,247fa5b4e2f524a22b21ef256ffc23e4,3bdff180c7e1f6551a643b99c265a120,2017-12-27 14:00:33,29.9,15.11
25d2bfa43663a23586afd12f15b542e7,1,6e1c2008dea1929b9b6c27fa01381e90,edf3fabebcc20f7463cc9c53da932ea8,2018-05-28 21:31:24,219.9,24.12
d8fa73e826d6e93ef59e9ebb19e2c08a,2,6cdd53843498f92890544667809f1595,ccc4bbb5f32a6ab2b7066a4130f114e3,2018-05-22 04:31:12,349.9,21.89
137ff6c1df388f6654474819ce9aacb9,1,a2da86fa759178e9e58e54aa1a144e59,ea8482cd71df3c1969d7b9473ff13abc,2018-05-21 12:14:29,24.99,15.23
23e3e258cb0914459e129f704d04733f,1,8c0794180bc059d1af097905d7352cfa,4ba52dfeba874da5b9ee7b17c7494f04,2017-09-19 21:44:43,99.0,25.14
bd335a38abd734d788851cb0b0fb1a48,3,cdc4af478fef19f03f1d0353c00271cd,3d871de0142ce09b7081e2b9d1733cb1,2017-12-05 11:38:04,29.9,8.32
755b8ce688b56a26332fc83dcc35806d,1,c311d5be814260032f54c7ea77fc1dbe,1835b56ce799e6a4dc4eddc053f04066,2017-12-05 23:56:33,41.0,15.6
2a7f6f7d1d01dcffbddff5e6e3ad791f,1,2ea654ee9e83b7622ce3ac79ce772970,dcf3755cefcdc158ad0b7bdde51e871b,2018-03-22 15:07:59,89.9,23.21
a62ca1ecd2ebb5a76f2df38e3024c324,1,a842674062d24231d49b8a938c6bb439,0adac9fbd9a2b63cccaac4f8756c1ca8,2018-04-26 03:30:58,28.82,19.32
3987a36b34a784095059a22c400b4f8d,1,8c5876b1c7768217964f353bc7e64393,0db783cfcd3b73998abc6e10e59a102f,2017-05-05 12:33:07,49.0,14.52
bb5ed7e3c00498a15ceff9bbca9ba556,1,ff7c7524d5f9a8386ab27088ec03c1fb,259f7b5e6e482c230e5bfaa670b6bb8f,2017-11-17 16:56:14,35.9,16.6
33d6106ddf9df878276e94044ae5e438,1,449af2f192415f431411568b2d475c14,bba74270a87732727b5a3b4fd9ac1c39,2017-12-22 00:56:07,42.99,15.1
803e846755032b2a03349c3c158fd8bf,1,3c261802e239d1f2dcda5ed49aa14220,fa40cc5b934574b62717c68f3d678b6d,2018-05-17 16:11:30,74.99,15.4
1962f977f7b7b5eb73a3c2c39bbc93b5,1,a703f5ade6e4fae527357132230ea778,f4aba7c0bca51484c30ab7bdc34bcdd1,2017-01-30 16:28:04,23.9,8.72
10afda4156379d4b3279e15b160a7992,1,776ef0ee36e20757c513e64903f1fa8a,70a12e78e608ac31179aea7f8422044b,2017-08-31 09:50:33,150.0,27.59
97cc8153b2e7c816783e0ba60083ea67,1,cb81df0e3ccece253557f2a07df4727e,669ae81880e08f269a64487cfb287169,2018-07-02 21:51:12,45.0,18.42
92e3a3bff7261e031fc2901b229ce73a,1,f37d4bcbd21078ef36fd59518e99f045,9c0e69c7bf2619675bbadf47b43f655a,2017-08-08 03:04:12,199.0,13.73
84b91dcef1e21e8151a9618564095dae,1,0152f69b6cf919bcdaf117aa8c43e5a2,d2374cbcbb3ca4ab1086534108cc3ab7,2018-04-10 22:35:26,17.9,18.23
a77a982ca1692469b8cb436e570f3ea4,1,efe4838ca7d6540e8fa0ea4cf5660b46,b7ed9fb14c8eadb37adb9c45d67ab0fb,2017-11-20 15:07:24,64.9,16.21
881b1412b8cff1e5c88e905fdedd7605,1,ecbe401f10ecd3b822d940d63cc3311e,cd68562d3f44870c08922d380acae552,2018-01-25 13:58:24,79.0,12.89
917b267dc796aa050652ac9f24b245b2,1,386486367c1f9d4f587a8864ccb6902b,cca3071e3e9bb7d12640c9fbe2301306,2017-11-09 19:55:25,113.57,13.81
4b084373ddadca63d02071a40596da80,4,226be9996759442f90f73b7d24c6baff,c6a7539d424a8402232c2228d7a03c5e,2017-12-08 16:00:33,40.5,19.84
83ce5e6768db49face91c92a88888ea1,1,cabdfd59b47b4a3135145f38590da2bd,855668e0971d4dfd7bef1b6a4133b41b,2018-04-20 14:31:14,79.99,22.62
5124343628b2cd43d0980ccc67353226,2,f3720bc68555b1bff49b9ffd41b017ac,9c0e69c7bf2619675bbadf47b43f655a,2017-06-15 13:05:06,199.0,17.15
491bc4b36d8fa1a8c03c68bb9ea692d5,2,eb6663ccd7aa2159c1f15e557cff4a3a,fa1a9dec3a9940c072684a46728bf1fc,2017-12-06 15:19:19,119.9,20.08
af6e14687f41b409fdde4f1998ec6e8d,1,44aadbb26d5c81d9846b0c48bc00d7a3,2528513dd95219a6013d4d05176e391a,2018-03-26 21:48:47,28.9,13.71
f7445b0cae0fd4d05894171adcc55931,1,d95d425d0cbe601609ac276632c5eec1,d91fb3b7d041e83b64a00a3edfb37e4f,2018-06-14 00:55:27,36.15,18.23
daa31883279538aaa2097f19342c2b90,1,195a72beccf48da20d71e2d7530b470a,8d956fec2e4337affcb520f56fd8cbfd,2017-10-20 04:56:17,29.99,7.78
a7f28fe443db7fc7f6f79297e3a18923,1,8c591ab0ca519558779df02023177f44,a1043bafd471dff536d0c462352beb48,2018-02-01 11:56:31,120.0,22.86
fa8ba64335831e92f3a3866f8fdc9e56,1,2ec00000248555d06c4dc55425cfa871,b94cc9f10ddc85e4ba73a6f7974e7101,2017-11-30 21:37:47,599.9,17.08
9c9579e034d68cb04baf60a509029827,1,bc83bb240a0c72948a58aba146de3fda,4830e40640734fc1c52cd21127c341d4,2017-08-01 17:36:24,45.0,35.67
f795a37f40d58c4385cac618d078f202,1,8eddc081294df4f0672aedec8a5b249c,3092c0b297aacfb4bb6e056ebe13b9b8,2018-07-18 09:31:17,99.9,15.01
4885f680d19431887659d8d44e97599c,1,841fe54d564df8d45b7832717de220e3,0691148aee60ca47977c187804f935ae,2018-08-22 23:15:11,100.79,18.81
6e10384d6572f58ba12c848b91299f39,1,c1b63d4c57e9d56a827fdb72afeaa246,138dbe45fc62f1e244378131a6801526,2018-08-22 23:30:18,32.9,22.86
d264d651c8218bc064f4b44d3c06d9a3,1,485977d79fe47209050d22d220aaab7f,0176f73cc1195f367f7b32db1e5b3aa8,2018-08-01 15:50:17,139.9,58.06
fdc0ec1ee168b2b7c9d3a501b0d1d69d,1,0c7e301c5eecc0fe996dd86bc9c290fa,3492e68f37fd1df87f4f2f2ea247f445,2018-08-08 13:10:12,60.99,18.53
f390346ecbf61a6b81b92017a7410df1,1,bd6e6fce9ada76ea2db0f1912e8e478f,1835b56ce799e6a4dc4eddc053f04066,2017-11-10 18:55:46,56.99,12.74
f38e0a45ef125f0214a3edaa9ea48098,2,9e8312642841e9458b0d72c652c01766,213b25e6f54661939f11710a6fddb871,2018-07-10 02:15:51,39.95,12.94
4c3812e7963e6b0932c6142e3d6a6b85,4,e9d4cb776e7adcac31397e6e1778e532,86ccac0b835037332a596a33b6949ee1,2017-04-27 05:16:03,30.9,14.52
2f43e00527fc0602c116560861680ecd,1,3cce0d166c3fb2507956c630c1d0f87c,95e03ca3d4146e4011985981aeb959b9,2017-12-06 13:15:51,79.9,22.88
451bc3a8e6666fa7fa88c989b996a500,1,817e1c2d22418c36386406ccacfa53e8,624f4ece8da4aafb77699233d480f8ef,2018-07-20 04:32:36,159.0,40.26
a4052a184e5a78c6be9f09a9fed53279,1,1ec5253cf0b6d3a31b822770cfa139b5,7040e82f899a04d1b434b795a43b4617,2018-02-12 19:31:21,159.9,19.42
1a4f3b996d84b463e4d60ba560d0dd94,1,4fbd4e814c8577d98e19118fc07ba3af,ececbfcff9804a2d6b40f589df8eef2b,2017-12-04 03:26:42,27.99,15.1
19e225ef3a439fce99ce796eb1972cfb,1,e4d325bd1eea550509bdbbc5c3301fc1,7178f9f4dd81dcef02f62acdf8151e01,2017-12-12 19:13:24,349.9,18.21
460ef4237e6579e9b59b6b313f96b825,1,0e8850427b0f558b79bc35c9800b6e73,f45122a9ab94eb4f3f8953578bc0c560,2017-03-23 22:22:35,95.99,25.16
3b45c3fa7862deec90565c3dbf6e9e8c,1,fbce4c4cb307679d89a3bf3d3bb353b9,c33847515fa6305ce6feb1e818569f13,2018-06-14 19:51:34,129.0,18.78
49a7909b97f9d04abf822c29353fe343,1,a0f12db60a5019ce1a4c21fce1697574,3d871de0142ce09b7081e2b9d1733cb1,2017-12-11 15:21:27,99.0,19.93
776ee45444a92a50bfafdbc1054ec316,1,11dc4053871ff53ff79fb1fc7e6b160f,b1ac6ea7895bc3dd6f0f6f4abbdd2821,2017-10-02 23:27:36,99.0,16.94
1aa6dcae07029eb10e20eaa903ce9636,1,c22eb1f87996d0da0b60271a9806cd59,382229d1e840115ffe3dbf5ff460e417,2018-05-09 04:35:16,199.99,18.98
1cbc4deb78977f04e2e3c262a613abc0,1,53759a2ecddad2bb87a079a1f1519f73,1f50f920176fa81dab994f9023523100,2017-12-04 03:26:04,49.0,13.44
81378cf8e638ced3a370966f23a32ca4,1,5c7236967f55c233f51e36e5126eaf7c,28fb0829fd777877cdc350d25cb5bd5b,2017-11-29 21:26:33,109.9,18.02
1330176f6500125ff6e8e10922fb714c,1,ec19f9bc37a920964abe324dfb169c68,7d76b645482be4a332374e8223836592,2017-10-25 00:05:28,19.9,7.78
fb0a4ef54889cea0b3b2f144938b8bd3,1,e357a8646a17191f03fd9f833a0fa29b,bd23da7354813347129d751591d1a6e2,2017-08-03 02:25:44,99.9,38.25
7b0fcd13508eefd79ce1d4710d9f18ea,1,bd7cab8de4d7943286634023cc06f8ff,855668e0971d4dfd7bef1b6a4133b41b,2018-06-24 22:10:59,250.0,87.42
b64392414f07fbd78e933c2681f23c24,1,e672fbe634ad07cce9d85f412becb2c0,7a67c85e85bb2ce8582c35f2203ad736,2017-10-17 10:14:21,129.99,12.11
47252c5b9ec88c714460e3e34fb08d5d,1,59f4103b8313232d3abe6630105b925b,2a84855fd20af891be03bc5924d2b453,2018-06-13 13:32:25,89.9,16.6
f404d82b87249486a0b5ed80b84f1b82,1,5cb678a06e40c3a2e49564fd664dac70,c8b0e2b0a7095e5d8219575d5e7e1181,2018-03-30 20:30:19,179.99,4.59
8a4f504a9826004fb1b0957a12aad33a,2,a04087ab6a96ffa041f8a2701a72b616,53243585a1d6dc2643021fd1853d8905,2018-08-27 16:35:26,650.0,39.0
f0d4f9815268c8e208ba8441b85504ed,1,0296dd002a346e3bbdda4e0bc48a5073,eb3071b9f0b0ddaa2df5ea130f09f26b,2018-05-23 02:55:38,650.0,98.34
4218242a28cc771a5fbcd7f4e56dd02d,1,a87d9e903f9535b37cc8c45e0ab5edf2,761681a821d8275bc79f552116d06869,2018-08-01 03:10:19,151.24,82.73
e37657ce0b51d96bc699c632ea1144f9,1,79c0ace2ccf0da036e787875a49151a4,b32be1695eb7ec5f10f72d9610a12527,2018-01-11 20:49:24,379.0,71.53
eb7838c18a8fb7cd981b260bc220e739,1,655110abedc57d73d3b2150d8ba2092a,8160255418d5aaa7dbdc9f4c64ebda44,2018-03-01 09:30:57,103.9,13.75
e6b58e9e71a0a471d128bd8325857f0f,1,28fd7231afb14b368127513ae6ffe144,1835b56ce799e6a4dc4eddc053f04066,2018-02-20 15:45:31,21.99,11.85
ef1576732b4172617fa2e2bf688428e8,1,dc404a1496a08f9f5540c8b5d4b92925,46dc3b2cc0980fb8ec44634e21d2718e,2017-11-23 15:30:34,299.99,22.59
8fae71b6f454805690863b38407497c1,1,c3f8ee7e05c01c61ab863e336b0f2e5e,6039e27294dc75811c0d8a39069f52c0,2018-04-23 05:50:15,219.9,51.09
a87a5ed1e5a7211124791f4ee820ddfe,1,9b20cbe99cd2a76d917fd7c13cc75384,17e34d8224d27a541263c4c64b11a56b,2017-11-29 02:58:34,323.18,18.7
21d9d32f8191125284565e1600219667,1,72c6ce77ce1addb023ae0e0c483b4193,54965bbe3e4f07ae045b90b0b8541f52,2017-11-21 12:26:49,240.0,30.72
b49d5f43da21654579db97f4ffc29e5b,1,7814c273ab16783d73a9863ebfa8b141,1025f0e2d44d7041d6cf58b6550e0bfa,2017-10-31 04:35:17,250.0,30.0
7c739ac8f7823321ba2afe6f94dde28c,1,5bd46344df36a730cedb3c85d2d1b573,f262cbc1c910c83959f849465454ddd3,2018-02-15 21:28:52,24.99,15.1
1164c7cd1bc7ce2567ff3159aa3cc51b,1,70fb1a4e096e46196c07bcb13f615a44,8f580d36c1e9d6fbce95283403c7d447,2017-12-22 10:14:27,625.6,29.22
543842af6f788d8bdaf1b1e63c0d3da1,2,ac32162917f9c1842336f4018493fb1d,f45122a9ab94eb4f3f8953578bc0c560,2018-04-11 21:15:26,69.9,13.85
28a21417da4cc1b4f98122b2ec3833e7,1,ee0c1cf2fbeae95205b4aa506f1469f0,cc419e0650a3c5ba77189a1882b7556a,2018-04-19 13:15:01,44.99,18.23
34fa619907e44766d5119a7ac48c56de,1,c6dd917a0be2a704582055949915ab32,7a67c85e85bb2ce8582c35f2203ad736,2017-05-17 13:15:14,99.99,17.27
c88935c0144ef18368420018e18f177a,1,2136c70bbe723d338fab53da3c03e6dc,6560211a19b47992c3666cc44a7e94c0,2018-08-13 22:25:13,29.0,19.11
3f2dd0e27853384475d6ead696ff3fbb,1,2136c70bbe723d338fab53da3c03e6dc,6560211a19b47992c3666cc44a7e94c0,2017-05-04 21:34:54,29.0,14.52
0b020adf769218b4661b301ce96c0ca3,1,50b671fa06a05828948cd518088eba27,855668e0971d4dfd7bef1b6a4133b41b,2017-10-18 22:07:06,20.0,9.34
d628ca546be1f0eb162833abafc51a4a,1,321c788deb64e03c83312213e1ddc6f4,fa1c13f2614d7b5c4749cbc52fecda94,2017-12-22 21:11:03,559.0,39.23
d2724b0b7b8d7bbfa7d11f7415f5c551,1,fcb6c42b17e6fe27366fe1fcc98b7032,dc4a0fc896dc34b0d5bfec8438291c80,2017-11-30 21:55:40,41.14,17.6
5361ae7742cca11bdce02eba111d345a,1,0cf573090c66bb30ac5e53c82bdb0403,99eaacc9e6046db1c82b163c5f84869f,2017-03-28 08:40:31,59.0,11.02
3fd458f81a4ab505469540d26bcdb598,1,4c2065301aac51ff9004422acc07765d,cb6c9f5888a7a090c75beaf615925792,2018-07-06 10:50:08,92.89,27.42
130d27e7e69cabe35e3fa920f6b4664d,1,9914c493622d54a4297b480620db7cd7,94e93ce877be27a515118dbfd2c2be41,2017-04-24 17:10:14,469.9,36.49
1c3680cf7c64b8f0419ae839d0a44db6,1,a11998d0de02ca907c060119dabe8ead,0dd184061fb0eaa7ca37932c68ab91c5,2018-06-04 12:17:04,59.99,7.39
bfdfa2b4742c41cf4853fd72cf7c9815,1,6f7400c1577bd99fb7c9cd196edb6ae2,0c8380b62e38e8a1e6adbeba7eb9688c,2017-09-25 19:25:24,99.9,28.08
4d06a731cdfaf790a65798f65ec6ccab,1,f6846ffd13de01b26f4eaebaf76295bc,17ca9b9e9b9ef8fdb529001b49ebb50f,2018-01-30 09:39:28,45.97,16.79
60807512895403580c67fa1fade73bda,1,18dacb31f154c3607af782584f59b3c9,fa1c13f2614d7b5c4749cbc52fecda94,2018-06-14 22:21:38,148.9,13.7
74337d4b8aec7d9b18c016cff22129fe,1,99c97d191bcc87e072acc4521bce44d4,e882b2a25a10b9c057cc49695f222c19,2018-06-13 22:59:15,473.0,46.89
49d10d709e14496d0d1d8d6cb556d2f3,1,69455f41626a745aea9ee9164cb9eafd,58f1a6197ed863543e0136bdedb3fce2,2018-07-03 19:18:25,139.0,14.31
fcbe557f2bb4cd2409d67dec35a1e6f3,1,0a9c1531aa7c17c8c64157b634fa9ba9,86ccac0b835037332a596a33b6949ee1,2017-08-25 14:30:24,29.99,15.1
e08c0d2d7789dd95e166e6c1a831cbb4,1,36bd3e4daa4604d112f17dccd24ee59e,562fc2f2c2863ab7e79a9e4388a58a14,2018-05-21 04:12:04,39.99,7.39
c3eb293fd154223498b6551a728203e8,1,90ebb732ad20456afe8516eb5fbf75f6,bd23da7354813347129d751591d1a6e2,2018-07-23 14:22:51,299.9,28.4
e035b961b5292eb21034e4462013fa66,1,9319e2f1f22df2c8e4a74f8b8f392e24,2138ccb85b11a4ec1e37afbd1c8eda1f,2017-05-11 02:15:59,22.99,16.05
3bd9d48e8870dad5ddbae6e5a7c183c3,1,637383c817a76910656fca6dac7ee7a9,38af8acfd46ac4a7bf754e8ca6736664,2018-01-05 12:18:24,99.0,15.44
165db2f7901b38055fe76db6894683d2,1,4ac50dbde931c0a5ed8c33d3dc047351,2e1c9f22be269ef4643f826c9e650a52,2017-10-10 11:04:38,33.49,7.78
33238b56832a1ff5396fff8bd2a44ede,1,3b0f7951038b105522c2d566b54421f7,562fc2f2c2863ab7e79a9e4388a58a14,2018-03-08 03:30:58,29.99,15.1
4eb2ff9ddc8c3a30a20b59bce294e136,1,68cd3f9c7b7a1ccaf0b0b7c784999f54,f7720c4fa8e3aba4546301ab80ea1f1b,2017-08-15 19:43:39,19.9,15.79
dd80556200c2f712cc6d048888451267,2,41b43381a92451746dc1374dbbd4c43e,7c67e1448b00f6e969d365cea6b010ab,2018-04-10 10:15:25,149.99,27.0
d77096ce04b7912640d76928106b9ad7,1,44aadbb26d5c81d9846b0c48bc00d7a3,2528513dd95219a6013d4d05176e391a,2018-04-03 11:28:06,28.9,5.19
097dcfb34c6a0d697daa747d943dc1e8,1,7b35ccd93a2184646c03b70326626923,d05ae8f7a5bd1d2a690a44cd079e4e27,2018-03-22 18:08:00,179.0,9.2
be2daa888694c8fa4bc8aaec2c95ddd0,1,d6d759f5b4285a0cc72404efa8c19632,aaed1309374718fdd995ee4c58c9dfcd,2018-05-18 00:30:58,185.9,23.88
69a67f0ee0c09223e7bbd96233f1d322,1,b38038fe1cb05fb177de7ea502861ac5,02f623a8eb246f3c5f7c2f96462654e6,2018-06-21 16:31:38,109.0,14.34
0f121110b75ef7c38c79d67833c49830,1,338925450cde31710e3fd65b8bac0b1f,17f51e7198701186712e53a39c564617,2017-09-29 10:25:47,760.0,196.86
7db74378461e084a164426412ea407ba,1,5a47c5b5c3866f29177d497727f22f38,218d46b86c1881d022bce9c68a7d4b15,2017-09-22 07:30:08,128.56,18.15
ecacec879cf5892cc982fa6415e60371,2,a46875fb5b8d19ac3cff18deb9bae57e,af4a0e4cfe1d9c26b6712b1be25a72e5,2018-03-02 08:48:25,220.91,17.31
fc0b65a691066447aa542589d2b3566d,1,4a25d757ff72fad7534f478c90be77e6,92eb0f42c21942b6552362b9b114707d,2018-01-16 19:34:33,12.98,34.15
e18cd51191ffbe2bca934d1d13805164,2,aca2eb7d00ea1a7b8ebd4e68314663af,955fee9216a65b617aa5c0531780ce60,2017-12-22 11:53:31,75.0,20.02
afbe79b5d924f62c10998a3c046ba7a7,1,8032dd9dcd307cde20d9caeac304b6a0,7202e2ba20579a9bd1acb29e61fe71f6,2018-05-17 23:32:07,159.9,19.0
03ce210a1614bb5a5bd3f4e3296840a1,1,c874b6cca27efc978feed6fd55b2985c,5dceca129747e92ff8ef7a997dc4f8ca,2018-01-26 18:16:51,499.0,59.16
15ef84e2fdba1fb2783ed97832b66820,2,72a137b85d5a1d82cde242493f118f43,ce27a3cc3c8cc1ea79d11e561e9bebb6,2017-04-25 01:05:28,32.29,8.72
094af1d0ffa8afa4ddce0e4892491313,1,c6dd917a0be2a704582055949915ab32,7a67c85e85bb2ce8582c35f2203ad736,2017-04-12 17:15:25,99.99,19.4
d77c90347fa4a918af7227743da9ecff,1,2b2d98d1e9b6f68a472c5ace64d704fa,897060da8b9a21f655304d50fd935913,2017-09-21 02:55:55,21.9,12.69
c85f30d2bcd5e2a640f2c99024171998,1,af2d506fb01b724e03591349ad36b67e,4b9750c8ad28220fe6702d4ecb7c898f,2018-02-05 12:15:58,48.9,16.11
3a662f13db1a41cf57b7869e31d1e17b,1,a5341e3f8155dbb3e62323d3ea289729,ff063b022a9a0aab91bad2c9088760b7,2018-01-26 14:00:58,93.0,16.28
8d1177e3fcee9f6f1985cc468d87a7d1,1,0bb987ba9ab94c3db5f831375f9d8a5c,d2374cbcbb3ca4ab1086534108cc3ab7,2017-12-14 18:10:44,65.9,28.86
1deb4eb0317ca755e8f5f2f3c3193fbf,1,fa35b4bf358c776e80d08e8079dc1d4e,835f0f7810c76831d6c7d24c7a646d4d,2017-10-17 12:35:54,139.9,14.73
aa0a58e418df41f6352802feb9999599,1,4ac50dbde931c0a5ed8c33d3dc047351,e5a38146df062edaf55c38afa99e42dc,2017-05-03 22:30:17,61.8,10.61
5bfb6e0571dfc12cf4710357871f00ba,1,3354a4e684f5e7199f9407db70ccd92b,7a67c85e85bb2ce8582c35f2203ad736,2018-04-10 14:35:17,89.99,14.72
db8eada3caefb89041191d366a349d85,1,d6aa421b9567e3e2a3a0caf8fb846cbc,99a54764c341d5dc80b4a8fac4eba3fb,2018-05-04 12:13:33,41.8,8.88
d8f68e0ae10289264edb3f3bf8cac054,1,db5efde3ad0cc579b130d71c4b2db522,4869f7a5dfa277a7dca6462dcf3b52b2,2018-03-20 22:50:07,173.0,19.09
53b48de8c162b1a00ace27c3c0a9b148,1,71a5f1c2a5fd9889ef26b5ac22aec9c6,537eb890efff034a88679788b647c564,2018-07-25 17:20:33,24.9,15.27
b4a4c9808ae2aa7c8811e9666d5f9058,1,095cb863f2b04911455ad33f5177062e,2059c39f76271d4ca3f15b5ffaccc8b8,2017-03-16 14:18:03,53.9,15.14
0c9f9c0fc3c5d9e40e88bbb5910042bb,1,af2d506fb01b724e03591349ad36b67e,4b9750c8ad28220fe6702d4ecb7c898f,2018-08-22 15:15:17,48.9,9.09
cd327d6285b9ec84417e1b5e76bd97ff,1,ac32162917f9c1842336f4018493fb1d,f45122a9ab94eb4f3f8953578bc0c560,2017-11-21 02:55:51,69.9,16.25
1d76e49bc59982b4110f8c084c0741f1,1,b60856ce32d90658dbf99b9485327c25,8b321bb669392f5163d04c59e235e066,2018-04-17 14:10:44,9.0,18.23
b6db3da1ed3c1f5a82c7e5456e212d74,1,15c8a0cce7382cf9029bfcb3998cfb7e,fbc14c0cf93505ef89f64665ffa4a7b5,2017-10-10 13:28:18,1156.99,28.59
bcbbaa1f21815f0a2b083dc1097f368d,1,dab2413ead0edda9967edbc9bda2a64e,562fc2f2c2863ab7e79a9e4388a58a14,2018-04-29 23:31:17,29.99,18.23
5128bbf180434cd939884e273629de98,1,1613b819ab5dae53aead2dbb4ebdb378,16090f2ca825584b5a147ab24aa30c86,2018-08-09 23:31:19,28.99,7.46
9781e29fd25f44bdbbace82bef3dcd8d,1,42a2c92a0979a949ca4ea89ec5c7b934,813348c996469b40f2e028d5429d3495,2017-07-03 11:45:43,59.9,14.13
c88cb7c54b20df1c37d529408b255d41,1,4db7441d0d2cf3d22cb4d95f87d8bf63,c003204e1ab016dfa150abc119207b24,2018-01-24 22:41:14,189.9,20.05
89289862108c78037897ba5b75f5253f,1,13378a2e50038c0cce4adb16486e3a6f,7e1fb0a3ebfb01ffb3a7dae98bf3238d,2018-02-16 11:15:22,86.0,12.1
86839e5d9c4709953ed4c3fa5aa71c54,1,2bfb0bdbcea77da2879f0ef3be9a219e,2eb70248d66e0e3ef83659f71b244378,2018-03-27 15:16:13,674.9,20.69
9d973dba6f397c6270c81dd253e977f8,1,8983ab045bb0ef91a6fe60adff5fa7a2,8f2ce03f928b567e3d56181ae20ae952,2018-03-07 22:55:27,179.9,13.81
674e1f5ca0441058cc7fa110cb4f49eb,1,00250175f79f584c14ab5cecd80553cd,b499c00f28f4b7069ff6550af8c1348a,2017-03-13 04:23:16,54.99,10.99
667d5edf566de718db1489ba407232ee,1,37095a57db396667492dcd7e10f5b792,1127b7f2594683f2510f1c2c834a486b,2018-04-04 03:15:25,158.67,23.69
f461365902fbac0de671877edd6649f1,1,b37a8cda46313ac91d79f16601ca5253,955fee9216a65b617aa5c0531780ce60,2018-04-18 21:15:18,110.0,18.65
75fc2d6227460881589d526e733e0499,1,aca2eb7d00ea1a7b8ebd4e68314663af,955fee9216a65b617aa5c0531780ce60,2018-05-04 08:12:13,69.9,12.43
43820afb33cfe47a6bbdc81d3fb51aa0,1,d862ce2954329a2af9498e8568ee9b1c,f789d2c4f2c2eb38fc4373e7a4b35264,2017-10-30 18:28:25,134.99,15.69
136cce7faa42fdb2cefd53fdc79a6098,1,a1804276d9941ac0733cfd409f5206eb,dc8798cbf453b7e0f98745e396cc5616,2017-04-19 13:25:17,49.9,16.05
832bbf6ed9792bf0ddeca0d0c0d332b5,1,41c24b8ce92d1a2cac62db5edfd088b2,4869f7a5dfa277a7dca6462dcf3b52b2,2018-05-07 02:52:46,102.0,13.15
2da17c10595f4473acf4564e3bd57ce2,1,84ef572c9b97343b83ab437a3ad75461,9674754b5a0cb32b638cec001178f799,2018-05-18 18:30:45,69.9,8.88
4a8850f69928d666a410ca68a461f867,1,3b49d2e893a8c98d11a3cb44dc7274a7,620c87c171fb2a6dd6e8bb4dec959fc6,2018-03-08 09:55:26,59.9,15.17
4d65b53f48c951380c38eb2aadc99138,1,8473872cbf0ba205b447e8651bd6e03e,14d7985702e72162bbf13b6beb74ab2b,2017-05-05 18:30:20,79.0,14.72
a2e99a88e70a8ad5a4cf5dd2c13aff8f,3,be0a8cb3c50011daec32f4d8ecdccb28,5343d0649eca2a983820bfe93fc4d17e,2018-03-14 16:29:53,60.0,7.14
db064b03849f2171a59f4a8cd50778f0,1,183c95ad186f48c320bbac4643829d3f,cab85505710c7cb9b720bceb52b01cee,2018-08-01 19:24:25,49.9,18.45
d70e8cbc1daa0295b64e9d465b8835a5,1,e44f675b60b3a3a2453ec36421e06f0f,218d46b86c1881d022bce9c68a7d4b15,2018-01-15 16:20:31,107.0,12.25
0c5c7803f731287953ed066d8b599372,1,a35c14eaa384acf7aabbbec3bd76fae6,0bae85eb84b9fb3bd773911e89288d54,2018-01-05 10:33:03,43.98,17.6
ddc7e0a6253bc5f668507296a8d17c85,1,5a419dbf24a8c9718fe522b81c69f61a,e26901d5ab434ce92fd9b5c256820a4e,2017-06-09 15:10:17,49.9,8.72
486624a60deed853a5e30a50fd5df762,1,7210a4f2afef1f72df88723e733ef68b,985c92cc412091f8529c12d7f23d3fef,2018-07-04 12:15:19,94.3,18.76
1e50bb2b1fd2e009684c3b7bd8eb73ce,1,0a790f2710eab03be4f7793583779874,66e0557ecc2b4dbea057e93f215f68d8,2017-12-27 12:52:22,339.0,11.19
8421b46b3b3fa09ea64c5775ab548615,1,a1f7dace2a9af48dd48428c12001dc09,52f9db5cfb423382a2fa5c9e39303202,2018-03-29 18:47:29,50.99,18.24
7bf010be3a0b710cdefe0091b13ddc6f,1,82c51c3938503a4ddc096fbed86428d6,cfe94489ddd337d1e29e12f2a7205d10,2018-07-20 13:50:17,99.0,8.85
53d6fdda7e6cd60c16d5051f00ac2af3,1,d6160fb7873f184099d9bc95e30376af,53243585a1d6dc2643021fd1853d8905,2017-09-04 22:45:16,1200.0,25.05
6fd8bc9e42591f17f566b1fba8bb912a,2,a4ea23e4c7a6ea7b4106779177221ce7,6a38087bc8ad4f89ff453561005f6dea,2018-06-20 19:19:25,49.9,22.28
2c7166305c873b61875185c04a58fce5,1,fe01b643060a6446e59f58e3021e66b3,2dee2ce60de9709b1a24083217181a1f,2017-10-17 10:45:48,143.0,47.53
3b8574ac0df531f31f1bfc18f9d9bc97,1,fbc1488c1a1e72ba175f53ab29a248e8,ef0ace09169ac090589d85746e3e036f,2018-03-19 13:08:14,119.7,19.81
f1450c491bd196d4089076234a1b5cae,1,f1fe595ee7ef768b41bd9b246d13432d,81a1104df0f08b59c68aa5b03cfe398e,2017-10-23 10:28:04,99.9,30.23
c496970811b313659dbbcfd57ffd1b42,1,515363bc1bda36afb33bb9cdde0789f3,8e34331b7eedd03be4e5d965c1956225,2018-02-15 19:50:25,30.0,15.1
d7d09bb28b0aaf12389e3109664c1377,2,e112bafe6285b42e5a1d51790dde0a74,ef506c96320abeedfb894c34db06f478,2017-06-01 14:25:10,29.99,16.79
b29aef07fc359c950db89a961acc1fa2,1,6610dc3cac3b77009d969495cc2d7037,640e21a7d01df7614a3b4923e990d40c,2018-08-17 13:24:07,82.9,14.58
a08a716f7c4514877f9f907aa11294a9,1,368c6c730842d78016ad823897a372db,1f50f920176fa81dab994f9023523100,2017-12-07 14:31:48,59.0,13.43
d5af7f6e2db2c527fe19decfc2d37a83,2,389d119b48cf3043d311335e499d9c6b,1f50f920176fa81dab994f9023523100,2017-08-06 21:15:09,59.9,13.44
68a55342d14fa00a20d909260f000545,1,eb9cd977eb3e9530f59495b4a93e173e,06a2c3af7b3aee5d69171b0e14f0ee87,2018-02-01 12:00:31,36.99,25.38
0b704d9bda1b350e1350d64af21b3411,1,4b2772e2e34787603725226af352e466,a64e44665225d19dfc0277eeeaaccc57,2018-06-28 15:20:55,168.5,13.84
697a3f72fadd1e5af4740ab0fccd99ed,1,3dee4915c4189291d7c8b79da897ca3a,41b39e28db005d9731d9d485a83b4c38,2017-10-13 17:28:20,119.9,20.33
eb648c502f9756a959be78b19b069bc3,1,fb55982be901439613a95940feefd9ee,3d871de0142ce09b7081e2b9d1733cb1,2017-12-04 03:23:12,79.0,17.8
3e77cc9aa8ac4a0ff4ced987e8044383,1,4464ecc5c8cd38eff5beae1484f80166,897060da8b9a21f655304d50fd935913,2018-02-06 12:31:40,56.0,16.15
ab7342290dcd818479042d1def7583fa,1,a4aa7c1427c31344e5f7cc3d839fe562,66922902710d126a0e7d26b0e3805106,2017-10-13 20:28:12,95.0,20.16
f327645eb13511d92d672ec03773b2ae,1,ecb6e29c8e01d5fbc73da1d0f12c088e,ebd2d60905fb58271facef5596b620d3,2017-07-06 05:03:55,97.9,21.18
c8c0c4a2ad083088d8b31da1efdf197f,1,8273821fd2a32fbbc77ad8b743b2a1b9,fffd5413c0700ac820c7069d66d98c89,2018-05-14 22:30:48,89.0,18.7
82ea82026e50c602a0a88e158b8fa8d4,1,91b08d34d0ba4db44da2dc382867ba49,b76dba6c951ab00dc4edf0a1aa88037e,2018-06-18 02:35:18,12.99,18.23
4aea71163dbc64882fae599a2ce103d2,2,9ce62e73b4ea1a6c74b68ba57aa1333b,3771c85bac139d2344864ede5d9341e3,2017-06-12 18:25:21,99.9,12.2
b2a04f1e9c3932855c266b1c8ba7b7c5,1,691f932fd9a1c168cbb5c579432de4fa,77530e9772f57a62c906e1c21538ab82,2017-05-15 08:55:14,119.0,14.56
61460b6c5d52b8e307108f5412907a1c,1,aca2eb7d00ea1a7b8ebd4e68314663af,955fee9216a65b617aa5c0531780ce60,2017-11-28 15:36:21,75.0,13.08
0adf4c5c9a1399ceefdb7ba880df1ca7,1,f35927953ed82e19d06ad3aac2f06353,669ae81880e08f269a64487cfb287169,2017-02-26 13:22:13,115.0,30.01
292362d65fdd556daf473eaeaa487a06,1,89321f94e35fc6d7903d36f74e351d40,16090f2ca825584b5a147ab24aa30c86,2018-08-09 10:05:10,28.99,7.46
ba8dd052f0697464c9b19669d50cf248,1,a2e281fad531f293409da05efe8097fa,39d54ff918774174706fb065d7f9dc07,2018-02-12 08:49:40,19.0,14.1
96521e809c9baf75bf1a6881d39e0d8e,1,3af4f5bb8b0616387fe23646fa94e256,1025f0e2d44d7041d6cf58b6550e0bfa,2017-10-26 16:07:40,229.0,58.27
bba21993f12d756b813c354103b3d248,1,6c037f9ff2d13c4236a23910ca598f42,0ed6ce5d87fd9c69eaacaeb778d67235,2017-12-08 17:39:32,69.9,11.73
e787fdb675e6270d22aa2a7e77d8cc10,1,422879e10f46682990de24d770e7f83d,1f50f920176fa81dab994f9023523100,2017-12-04 02:58:42,49.0,13.41
1349bbe7ded8d9342526c249d9e6ceb6,1,625dac8156b3157351e7257305148f3f,18a349e75d307f4b4cc646a691ed4216,2018-07-17 16:45:50,23.99,15.27
64ae8cf0e642cc174881a66391200acc,1,c92f0e7b9d49a9543558d6532772441b,5dceca129747e92ff8ef7a997dc4f8ca,2017-11-30 17:13:52,147.9,43.27
c7037ea6603ae90fc227e950bfc047ef,2,dfb97c88e066dc22165f31648efe1312,8581055ce74af1daba164fdbd55a40de,2017-04-20 16:50:17,139.0,25.61
480fff17578e0142778efc96128ffab3,1,6abd84909e8ed79ef808c16f90b91093,da8622b14eb17ae2831f4ac5b9dab84a,2018-05-03 21:31:02,29.9,18.23
9b655375d54c9b7986a07f3e5a839545,4,9f1c3e71d56894398a42b050b07f1baa,92eb0f42c21942b6552362b9b114707d,2018-03-29 16:30:42,11.87,7.39
99732cdec64edc7e27f1a79ca75c8b75,1,2d110366dd24a714cb50dddc30b4101c,9b00ed88b7fdb95d6ff76e27c1b52d16,2018-05-15 15:11:19,36.9,12.79
c12a024134a5c992b724942a160a99c6,1,6cf22bb1523c34ad8da500d1084155a5,fa1c13f2614d7b5c4749cbc52fecda94,2018-03-26 03:28:43,118.0,7.69
ddb4b2115723295bbe34444bbcb2c1d5,1,9ab817d90bc61ed772ffea01b4cdcdb6,db2956745b3a8e9f3785c99f34b5d25e,2018-08-21 00:05:18,159.0,61.39
be181c4e93f5554a73a00b207c765e8e,1,74985eecf05f5ef2d7e4c59156454e2c,080199a181c46c657dc5aa235411be3b,2017-10-02 14:35:40,179.49,9.45
d8578262363755dd9a09ce0b4110a1cd,1,5b226d7c52f86ac72457617f78cff95d,1835b56ce799e6a4dc4eddc053f04066,2018-02-13 21:10:30,56.99,12.74
4447244b60640d0067069c680995049d,1,c5e9b73e5f4c644885862ba3e1137b57,46dc3b2cc0980fb8ec44634e21d2718e,2017-11-03 02:55:08,199.99,18.97
4059a20ed837ba80adc17e94bf2f852f,1,3b0f7951038b105522c2d566b54421f7,562fc2f2c2863ab7e79a9e4388a58a14,2018-02-06 14:03:51,29.99,14.1
4879882eaf1d5027d4abb2f571df499c,1,cd48f265a63e13b762601f5f794c5fca,e9779976487b77c6d4ac45f75ec7afe9,2018-02-07 11:50:36,47.49,9.94
e531f04ac27aac6bf0cba03986415776,1,685919d3ededc26c0ec078b32241025a,855668e0971d4dfd7bef1b6a4133b41b,2018-04-19 02:15:26,52.0,22.94
b02fefc3800702d58c988da39c132902,1,144266e1585320d057797a369596bb8b,8cc6a0e5738e61a87b03c78b2ba9db4b,2017-03-28 10:44:34,739.9,21.92
c157dbddbf8cf9a086acf9ef8eb8cf92,1,6803077179d24889430188e03fafd31a,128639473a139ac0f3e5f5ade55873a5,2017-10-09 12:28:19,19.9,16.79
77d4ac706d235e72b62b7431fb2d9ee3,1,eee9f2330ff9789be1480d98f060a7ae,ad87df7699e83b8a91822a4a0b765c3a,2017-07-07 04:23:13,40.0,7.78
8cbffbe81b61eeb7a472f618013b69f6,1,920efad5907c4034a1ef4c4c11b17fee,ef506c96320abeedfb894c34db06f478,2017-11-13 04:31:24,28.99,15.1
6a45bd0eaa9f36460b442d6c149fb97e,1,9545d45c37449ccbc376de3a04c66e71,431af27f296bc6519d890aa5a05fdb11,2017-08-02 13:30:25,116.9,13.84
1b0ca0c3b2421d7ffde52594b571c020,1,c6dd917a0be2a704582055949915ab32,7a67c85e85bb2ce8582c35f2203ad736,2017-12-18 18:10:54,99.99,16.95
4a0436180e98ee8a37cef37e46e84646,1,1a080577618e7fe4d9ddd8fb2b47a964,4869f7a5dfa277a7dca6462dcf3b52b2,2017-10-31 18:14:18,619.0,19.08
1735fd3fceaea14fdd4444b0e3612a7e,1,7bff21aabd6f1c9055ef5c2a262fd62c,1900267e848ceeba8fa32d80c1a5f5a8,2018-02-14 17:32:29,30.0,16.11
07f9acd4e59411df700a59f89d4da8ed,1,0c5b17c1b54fc1dc48752ddb8caab6fc,2ff97219cb8622eaf3cd89b7d9c09824,2018-08-06 22:05:15,66.0,19.65
c3125124ed3dad68e667a2f7807e3e1c,1,0ae6165016bbebd759d0ac2414e59049,5dceca129747e92ff8ef7a997dc4f8ca,2017-09-29 13:24:43,49.99,7.78
8a68020a3779749aba9552528b2b841b,2,4bcb67b81458cc5721ed9455dae41b8c,f9903dd0f812c7e771fcad47b6fff231,2018-02-20 07:27:10,79.99,16.32
64e31c69d5a163acc2d5c0632001e4eb,1,431d674f9a4fbd0957ecf6ba3fcb6899,53243585a1d6dc2643021fd1853d8905,2017-12-04 03:31:55,235.9,26.93
ff632bc583a94f23c59db4cbaa0ba2ab,2,43b54d1fc56ff394092a3dff6be2d39f,c70c1b0d8ca86052f45a432a38b73958,2018-05-13 22:53:41,110.32,7.96
559d83199eaa46854cd06da9ce8961fa,1,2028bf1b01cafb2d2b1901fca4083222,cc419e0650a3c5ba77189a1882b7556a,2017-10-24 03:35:08,56.99,8.72
c2b170fa201b85b5a2447365d111af05,1,d285360f29ac7fd97640bf0baef03de0,2eb70248d66e0e3ef83659f71b244378,2018-07-25 16:10:19,155.97,16.19
63329524e69a10126480e493708b178c,1,8aaeae26573fd33a2512d3fb0d8bea6f,2c4c47cb51acd5ea5db5e0ae0e26542a,2018-05-09 17:54:10,189.98,36.46
bf63ec64b243739a224860a034cb5357,1,eb8c629f70275fd1c4f809116cce1efc,1025f0e2d44d7041d6cf58b6550e0bfa,2017-09-22 02:50:46,38.4,14.1
2a68046f85de5baaad9fec0db10875d5,1,a996589ecdf800089835934a0360ccc3,128639473a139ac0f3e5f5ade55873a5,2018-02-15 19:28:10,17.9,16.79
e95221b086979e4c09eff4fef472ef04,1,e7be44ed7d763eb6ca1fa75279ddcee9,cca3071e3e9bb7d12640c9fbe2301306,2017-03-16 08:42:08,19.9,14.52
4f6a2e10ee405f1e0541c66c72d068bc,1,30bb6ba21f546713a3c72e22461c1a3b,0ea22c1cfbdc755f86b9b54b39c16043,2017-10-13 02:44:59,19.9,14.1
71f344dcca43baaa095dc61c9a998917,2,0ad48bfc4a5619823e2b0f24b3c0b11b,525e75a6fb1454a2325ab1734bcec221,2017-07-04 11:30:17,176.21,26.83
c5f9f79b60cb1ddfec0fc9556781952e,1,a5a03610d00573bdfe50a7a09e125efb,b81e3a6c866a764974fe849821abeebd,2018-08-02 03:35:11,15.89,16.32
890fff31c4646aca2e6372ee1b6ac443,1,e7db7c40ea6647c808d48581f1308d88,1d8dbc4f32378d715c717c1c1fc57bae,2017-05-26 02:30:48,109.9,12.72
57faaa762a71e0603439c7a742527524,1,05fa3b5ecdf7f54e97fe25127db0ee7c,218d46b86c1881d022bce9c68a7d4b15,2018-01-23 16:11:18,181.0,21.76
5c2d1d55c31db1cbe069dc9b6454b897,1,cdd914e78124a73cc28a165cfc4a0bbc,ba143b05f0110f0dc71ad71b4466ce92,2018-07-27 09:17:32,93.99,23.46
53e134c152888a0bc7fe1da0dd4cee0f,1,d04bbac48960ecb7ea311b00ca6e1cb7,0dd184061fb0eaa7ca37932c68ab91c5,2018-02-20 10:55:26,104.0,26.22
ef68f7ac518a9309ceb3a3290ee123a1,1,39c1ee864a1e202ce16e57becca2f68a,213b25e6f54661939f11710a6fddb871,2018-01-31 17:13:14,39.9,25.63
c58da945b58d132163a5b7c3b0312903,1,389d119b48cf3043d311335e499d9c6b,1f50f920176fa81dab994f9023523100,2017-11-06 21:31:32,59.9,17.67
ae08a6e1781c8a44dfa832b70594a0d4,1,1a6c4373641dbeaf6f12af2427da7719,f8db351d8c4c4c22c6835c19a46f01b0,2017-05-26 13:25:14,34.9,16.11
91866c79939321e63218d7b71b2b26f8,4,cf321a247972430ae872ea605fb4628a,bb135baca94c82fcb731335ad5b04a03,2017-03-10 15:02:57,22.9,14.11
140f3f5e8668adb28164b2718f2d309b,1,428848f6b59540ebc1d7613df5c8b545,81a1104df0f08b59c68aa5b03cfe398e,2017-09-20 03:05:57,99.9,21.54
7cd9f4c5a26e353b50e10cc165ef40d2,2,c50ca07e9e4db9ea5011f06802c0aea0,9b013e03b2ab786505a1d3b5c0756754,2018-07-05 02:53:16,15.49,7.39
17aa9a5c5b88ebd15ca795d8058eccad,1,99a4788cb24856965c36a24e339b6058,4a3ca9315b744ce9f8e9374361493884,2017-10-25 18:56:25,89.9,21.12
d71541c100c5e5c1c55d5db9290f8851,1,ed5666106b8fb47b57c4b2c5f67a755b,2addf05f476d0637864454e93ba673d5,2018-01-17 10:07:15,209.0,26.74
e05c5dd39353fdd625c7896938767124,1,de72ea95a1cd05b1a597d294a425be57,712e6ed8aa4aa1fa65dab41fed5737e4,2017-05-10 18:43:11,700.0,126.29
bc64f672506c531820c9815dbef4d7f9,1,cc7ab11ca8cd1a04b25d30609458ab48,82e0a475a88cc9595229d8029273f045,2017-08-18 15:55:11,198.0,12.59
bcd894d1c63a81b9b1872a8b9579f546,1,715a41d0a95641fda38167ad49142b7c,57c764b4a836300be881e2ff86e449f9,2017-02-21 10:27:22,79.9,15.77
1b9b3a976302524d2f05a417b095afb1,1,045c0f3faa3d81ff1af071e0811b2711,fa1c13f2614d7b5c4749cbc52fecda94,2017-12-07 21:31:03,179.91,15.01
b5b4d7badbb01d0d2b9d6c5a060bc058,1,dab2413ead0edda9967edbc9bda2a64e,ea8482cd71df3c1969d7b9473ff13abc,2018-02-26 08:31:11,29.98,11.85
0ba49faaf02e7dc9210e94cd777d1880,1,ca873fc3d2a6186b92f8c32d685012a6,70a12e78e608ac31179aea7f8422044b,2017-12-28 00:51:42,65.0,11.95
ee6ccb9e2ac9c3de0114a22625cbc859,1,bc0f31b5e89dfeba8169ad1123d44d2b,5b664594895aefb418afaee6d40a9a23,2018-03-26 20:50:36,79.9,7.9
bebbbe90253dadf5c7d8dbacfaf446f4,1,b91a91c07533369ef426985f93170068,da8622b14eb17ae2831f4ac5b9dab84a,2018-05-17 15:56:40,219.9,35.08
0c0b20eb744a9c5ec1611dfd81da6165,1,cdba44bccdafa757b44f7f41b70f4e23,8e6cc767478edae941d9bd9eb778d77a,2017-05-24 20:50:16,152.72,17.51
ca1533a4041a98501d0c3250c7dff345,2,6bda3bc4a9032dc7f18b635e051d0c72,acf974e4d5950ad143a247471b831eb9,2017-03-16 16:38:43,32.6,24.84
c7b1a19d2ae06ca24586ea3d67fb4f38,1,0bc4d2de176747bbc8b5e680bfdb66b6,4d6d651bd7684af3fffabd5f08d12e5a,2017-12-15 11:31:42,129.9,27.16
ed015bb6d682598924fe6583022668c0,1,303209077202f6ac32714e683352e4be,c3cfdc648177fdbbbb35635a37472c53,2018-01-22 18:49:23,134.9,14.06
b1e602c4c179bc28b8b7acda8ea946d1,1,dce3d94fd2f5d6d78c586d93faa33646,3f3486b61f45078d4f31ee5e43d8c5bb,2018-06-24 21:17:59,60.0,19.61
aee9ab9619b5a2654b3362e66256628e,1,e59c256dc4c4c950e3c71ac153a18c9d,31ae0774c17fabd06ff707cc5bde005f,2018-02-16 13:08:16,99.99,12.4
2e496accb804bb4a59fcd3df574b450c,1,19421075ae0b585f2dc13ff149e2119d,4c2b230173bb36f9b240f2b8ac11786e,2018-03-09 08:30:29,45.9,7.78
1d54af1bf3179b54f046212de28f8bc7,1,346347724291a3ffbb5f5778e31a9fca,42b729f859728f5079499127a9c2ef37,2018-08-13 08:50:35,79.9,18.66
fb9bb6436441ba78b79012524ca465c1,1,fb19ac22e32dfecea21afbdde4b97b5f,17e34d8224d27a541263c4c64b11a56b,2018-08-13 02:04:39,211.05,19.58
0c6829c9d92a6bb545d7bf1734d094c6,1,b83738ac1903f7c8f0ed378cb085909c,c003204e1ab016dfa150abc119207b24,2017-11-29 11:48:30,135.9,19.42
af3dd257dffa86d6481ea590556ca509,1,ee0c1cf2fbeae95205b4aa506f1469f0,cc419e0650a3c5ba77189a1882b7556a,2018-07-26 12:43:33,44.99,23.04
1f169866113310fa8ab239a0b4c7e8de,1,9d0e471ed428c6b5c87c055d434b0cd6,0ea22c1cfbdc755f86b9b54b39c16043,2018-04-24 06:30:57,39.9,15.23
20e001ef9eed26db199b0b95f59512f9,1,b4693721011686a49e4b8fac4e527dde,1025f0e2d44d7041d6cf58b6550e0bfa,2017-09-29 04:32:20,38.4,34.15
0a020ef040e4b3065551bb31e0aca1cd,1,9d6a788ceee3a2c4ef57a459d5a202eb,0b18d63d0cd1d723567903fd34a07df2,2017-09-11 13:30:13,239.9,46.14
96fa516aa67a6a9a29ed51112f357643,1,c6ea63369936552872ae890c82175b4b,37be5a7c751166fbc5f8ccba4119e043,2017-09-25 16:24:27,158.0,25.95
a0ed7e292495e32e3a7e3ae479219c4d,1,a4c7e73a8ce075149b5f6592fdd29367,87142160b41353c4e5fca2360caf6f92,2017-09-19 18:35:15,149.0,18.32
ec88a091f17fb7fb6b5a498439931a1f,1,a2ec7257cc4a4e2f3a02e93ef01412bf,d26aa40b90272d4843d63be7c1462c8d,2018-07-17 20:26:16,53.0,7.63
adf57a7b23c7c3f88e98a2fe2c22fcef,1,f353779abb6114db5f8f79fbad12e375,d379f449f2a3b271bc01c0782020f705,2018-06-20 21:31:21,82.5,23.57
523824180b3b651c5d233b761bdd7597,1,c32b1155b886162db8e1ec114699a799,1835b56ce799e6a4dc4eddc053f04066,2017-09-28 05:35:32,56.99,16.16
74f2f26b7d6a438e241f9ad86133299c,1,8ef18e8943b9f07649b045b72df449cb,7aa4334be125fcdd2ba64b3180029f14,2017-08-21 11:50:10,96.99,29.08
1f210038c217da04d2d88a6a59614f6a,1,634256dbcd184b3757ffd7632c9fe52a,42b729f859728f5079499127a9c2ef37,2018-05-15 04:14:23,24.9,7.39
d5327cd12ff03acd894459da5fdd2511,1,c4baedd846ed09b85f78a781b522f126,a1043bafd471dff536d0c462352beb48,2018-01-03 04:08:44,89.99,26.25
39ce67c7db740ee02e0c17fc02b0292d,1,08574b074924071f4e201e151b152b4e,001cca7ae9ae17fb1caed9dfb1094831,2017-07-06 04:50:17,89.0,43.24
34215cc5cb67e2f9336c1246166da912,1,a77746494183161cdab587cc8428ca8c,bccf933e006e9b94a6184af782963e77,2018-05-17 13:14:34,98.89,26.77
5f9571ac1f7bd358f3fcfa9d07900869,1,2e7980421ad7946eab8a71b637955704,8e6cc767478edae941d9bd9eb778d77a,2017-08-03 00:43:37,79.9,23.43
868c2bcb3623c43e2c25a0ebedbc3f12,1,826a5fa766c1c7241ffe63a2f3774d0b,70eea00b476a314817cefde4aad4f89a,2018-01-29 10:20:12,168.99,14.93
638cad2c050551138562aaae90afbb6c,1,ead72457c58dcea14f94c2223c684716,4305fe92735c8a43d154ff6dd2b8d927,2017-09-19 19:04:18,139.9,26.26
add85850d87ec9b2926443c2310561dc,1,34e4f6bc7f4c44bdc0581b78aba124e1,1838dd9b8977065acf51d95e0053ea7a,2018-06-26 17:38:43,39.9,15.38
94c61f1ebb6e6f2da2d8a0d7ac853729,1,43944a8f8f0b7ae86b6c3d3c2f257375,0adac9fbd9a2b63cccaac4f8756c1ca8,2018-02-13 09:55:37,699.0,33.68
3276afbd4fd6d9c1909717750fd3135e,1,f09f6223e88af7f6de46dec6a437458b,54965bbe3e4f07ae045b90b0b8541f52,2018-07-12 20:50:17,69.9,23.29
46347dc54e84dc7863cb5c90cf57a9d3,1,f91a53ddc9bba002d1f3d77e9a39c07e,12a8eb0f8d1cd3270695bf2a99f55966,2017-10-19 02:35:15,135.0,13.29
8d5b464d16741c376da6aa92e4b09a81,1,feb593f17c2f51af2932dbba3e99f1cb,e21a1e8be4715b0fcfd5385643bc49c4,2017-11-17 15:15:25,29.9,16.79
40f3b86bf26d578cbe4fc74c6c3a18f3,1,2531bf4f54beb9037615a37b8a9754c7,b2ba3715d723d245138f291a6fe42594,2018-01-26 14:53:30,69.9,14.24
b9d664fece7771cd481b9fbd80715a8c,1,f9259c9e7c0f12c70f7a81409680a5ff,3db66a856d18a9cba7c9241fc5221c50,2017-11-30 23:53:18,69.9,16.25
3d565e5b4a2b7158e738fb3cb2056499,1,8384a437925520e96cb6acc65235e499,1900267e848ceeba8fa32d80c1a5f5a8,2017-06-01 19:30:17,19.5,11.85
d077407f0f6dccff3bb4224b3aaec82d,1,0c96091f6f20b1d2c946a933370782a4,d9a84e1403de8da0c3aa531d6d108ba6,2018-08-06 16:05:17,14.9,7.39
3cc1a0fb96625b337cdc5abdc7383a88,1,e35b9be1fd37ec2d6e0be7ddf2d357b6,0ea22c1cfbdc755f86b9b54b39c16043,2018-01-16 21:49:21,24.9,16.79
8c23f60e51f9e3aec7d9e0c07fa3d8f1,1,ff7c7524d5f9a8386ab27088ec03c1fb,259f7b5e6e482c230e5bfaa670b6bb8f,2018-03-08 19:48:46,39.9,16.6
4e954b7896ab7bfa5bbb40484b682495,1,a62e25e09e05e6faf31d90c6ec1aa3d1,634964b17796e64304cadf1ad3050fb7,2018-05-09 07:23:27,105.0,9.85
5454971549d855538eb746e4d263f9a5,1,146881934618f0efaf33d04909acd195,3df020b72d3d44b3af9d110fa3940b65,2018-05-07 00:15:22,49.9,13.71
a2c925a9aed482554a03fe2729c7b0e5,1,84bafdce8540f697ae16b41858256867,6a8b085f816a1f75f92dbac6eb545f8f,2018-05-04 02:00:01,16.9,12.79
15f8e1e2abf48b0c5161b2f0110ba6eb,1,e59dd207c69d86e890febadc796d1078,e9bc59e7b60fc3063eb2290deda4cced,2018-07-25 03:04:22,133.9,19.04
c5a49aa0c426e9c86aeb67a275c1a490,1,167b4b8c4bd0c401bea62f5e050d70a4,25c5c91f63607446a97b143d2d535d31,2017-06-01 18:42:21,220.0,17.3
75d5d3d16567a27eefc5752aeb063072,2,b90973ce80ba5d1fbc046fd8471acaef,41b39e28db005d9731d9d485a83b4c38,2017-05-25 15:50:07,13.9,14.1
9040dcd14cc032f8abce25f90b9739d8,1,2fea0f2cec6b6324a277d4a61c2ed2c6,beadbee30901a7f61d031b6b686095ad,2018-06-28 20:30:51,35.0,12.91
39e9c38b504f39d0e4ee71af8823bc45,1,f2af004352a06a99dca765596240cbc3,f4aba7c0bca51484c30ab7bdc34bcdd1,2017-06-26 16:45:32,44.9,7.78
ecf330e2463767d0a37a17786360899b,1,d4566d732d7cd4770e835f275a5aaa64,3f0e48d209018b466fcd3bb4ccfeb520,2017-08-10 20:03:31,599.9,18.96
4144eb32a48743c5f18f443d704fbdb4,1,54716da70a63aba6d2edb21f14d75e31,6560211a19b47992c3666cc44a7e94c0,2018-07-13 03:26:12,55.0,7.65
b948b354fbf88e12e43fc0877623eef9,1,e0e2e29a516b06947e388d20aa7bf7a6,1cd9e0cc1839d55516843def5600816d,2018-06-24 21:31:32,209.0,35.22
e11d8c8f1891edccae172ab330782a34,1,19421075ae0b585f2dc13ff149e2119d,4c2b230173bb36f9b240f2b8ac11786e,2018-02-09 09:35:34,45.9,25.63
89615629042a92b8d5b1363728ad103a,1,ecf9484703bdfb9cfcc1ac9c2084b567,59b22a78efb79a4797979612b885db36,2018-04-13 14:31:21,265.0,54.05
f7059c86772ca15e9640e43be7c31fb1,2,1276de9d6e6200f71cfb172a76abf703,ead2bab70821ea148476ae9bc08548ac,2017-10-11 03:07:19,19.9,1.28
7ef3a302148f7eb4741f831caaaab020,1,9b8bc17a236d09185c2101d0a02f8487,96804ea39d96eb908e7c3afdb671bb9e,2017-05-09 15:45:20,79.95,15.77
331c8aba2d911c0be8bd043ab1c9832b,1,62644f19deb898e43ebdcd29ff3d9361,dd55f1bb788714a40e7954c3be6df745,2017-12-29 20:14:25,243.89,24.03
6616b080a04b814ab8245f7d0d386025,1,06a47d0ecd4561565deab3dfd7d3c0ff,80e6699fe29150b372a0c8a1ebf7dcc8,2017-04-25 00:45:55,58.9,17.84
b5e23127e5bc161906c1d23be69f7e16,1,2dc2efef0bbccb4ea53e2a21cdd52dc7,adbc26658d6c7b4b6219f9d934598091,2017-11-20 16:56:00,130.0,17.16
7e7a5dadf32ff1f176b693244059fb8c,1,50571d0f0f8ffbeec1c64cefeec01135,d57e18d5f73c7ccb7f7339b61166898d,2018-04-12 21:49:35,83.9,16.56
ffa1dd97810de91a03abd7bd76d2fed1,1,2f178dc91b792930e1ff40a77a123506,75d34ebb1bd0bd7dde40dd507b8169c3,2017-06-06 22:42:56,434.99,20.32
c998e2a47c31a541308c5a5529a5984c,1,727a46f0b58a9ef165af9f7ebcfebfa9,e9779976487b77c6d4ac45f75ec7afe9,2018-07-05 01:15:10,19.49,7.88
bce2a9ffe2e596e54d92ad2a47a10a36,1,15fdd6032f35d4add5066fb90be28630,6560211a19b47992c3666cc44a7e94c0,2017-11-10 17:15:42,89.0,17.19
1a03b911ffc649fb8177ea3ca4f27f2c,1,c8a1b14dcfbb5ab61591ab868d362d10,2e1c9f22be269ef4643f826c9e650a52,2018-05-03 21:35:13,40.49,16.32
178b47270e98b91b6d34278d77b27bb3,1,f35927953ed82e19d06ad3aac2f06353,669ae81880e08f269a64487cfb287169,2017-11-30 11:33:26,99.99,15.45
4396b37f55a457b870dcd9137cf07e84,1,72a30483855e2eafc67aee5dc2560482,c3cfdc648177fdbbbb35635a37472c53,2018-03-22 11:28:42,89.1,15.47
5a00ef28abf9645038a7d37c1639d2c2,1,69455f41626a745aea9ee9164cb9eafd,7d13fca15225358621be4086e1eb0964,2018-06-18 13:20:05,180.0,20.23
4515f507dc97d2ae676665ef0b7b752b,1,aca2eb7d00ea1a7b8ebd4e68314663af,955fee9216a65b617aa5c0531780ce60,2017-12-05 19:11:28,75.0,29.94
60d517144cee8ca15bbbc4d52213b8a7,1,6c09be1fc42a113b2f3e558d7df2f133,671585f5a2af58b6e276bc01003c0d2b,2018-08-23 19:55:11,45.0,13.66
ed618f64e1dcd86615595645269fc0f2,1,25a1c5b2e0ccbf703cb7b69ffebfaf38,56642bcb79900e777d68e91915cb4267,2017-02-16 21:47:21,48.0,15.56
c9dac7423ceeeaf70c396a2879d06ec3,1,6c3effec7c8ddba466d4f03f982c7aa3,37515688008a7a40ac93e3b2e4ab203f,2017-08-07 13:05:12,19.9,11.85
5a42abf0eee65d3a1e361aa49561a521,1,c804537dd3a8ff5f94d3ee384eccfb98,1900267e848ceeba8fa32d80c1a5f5a8,2018-08-17 03:10:18,19.9,12.8
4c96e6cd1329471164e71b76d8ac0619,1,21dda9c8f188955446cf905038acd22a,acadd4d36859671cb635527c6c977533,2018-04-02 22:30:10,158.0,18.02
b6bd1268edd63fffeca68296b0abbb27,1,118fa7a08a83564776c37433aca3ca71,8f119a0aee85c0c8fc534629734e94fd,2017-09-14 10:55:23,37.5,15.1
bc024a50e4e6ff5212d0febb0f4b4a37,1,7a9cf133da2a6494259ffeeab11b6276,db4350fd57ae30082dec7acbaacc17f9,2017-09-01 20:44:52,21.99,14.1
ab1161359286ca8f902755fd4fcc9727,1,f0d56a1df2c0a7a756d7e4352cdcc8f0,ff063b022a9a0aab91bad2c9088760b7,2017-12-22 12:51:49,74.0,23.39
804a79d234b0f9470b218e9abef45e7e,1,bd66403f5f11696c897a825d5235697f,fa1c13f2614d7b5c4749cbc52fecda94,2017-11-09 16:45:39,284.9,9.56
a63aa46986e22405b645515c2234cfb6,1,837b5c6df9ceb8a9c604e78fde0e60a2,85d9eb9ddc5d00ca9336a2219c97bb13,2017-05-22 20:55:18,27.9,21.15
73fc770f6cccde5fdd23cc5b127b57bc,1,2fcdd37790d9c79db0998f7fc9bc68b0,382229d1e840115ffe3dbf5ff460e417,2018-06-14 16:32:27,79.9,19.25
e9f8c67129c6f0bf411b428141ddfbf5,1,ecb624b552f939e58c7881de58ece085,0936e1837d0c79253456bbb2ffaaef10,2017-04-26 13:10:17,19.45,15.56
6f4a6eb3e4ef9a73f9b63fa7ee3ce425,1,9b9005cfa3747d9fa0d544fc9f994c14,a5bff0f43eb51f0cad7c37fac7244c8a,2017-02-24 13:31:57,89.0,14.79
fc9cb1d496b03a40d603876228b48bff,1,54d9ac713e253fa1fae9c8003b011c2a,955fee9216a65b617aa5c0531780ce60,2018-05-08 23:09:56,35.0,17.26
dddf3072374a44f4645fcfd6367ee77d,1,ed2067a9c1f79553088a3c67b99a9f97,cbd996ad3c1b7dc71fd0e5f5df9087e2,2017-10-17 16:49:29,56.97,16.16
db5e341b9a765a33fd41da0b3f0944dc,1,1cbe6092926b24ecacfdeb748bc34105,5d0363b33554b373851fc1622e4d5f3c,2018-02-08 11:55:33,78.0,35.07
c3f4cf75877b9328cefa436b0ea4c725,1,a62e25e09e05e6faf31d90c6ec1aa3d1,634964b17796e64304cadf1ad3050fb7,2018-06-28 17:58:39,105.0,39.01
dc2e682924e6b1dcd20240a5a45f4b8b,1,4addc533339aaf0023334f26403cd814,76ea5315acb3f5f7ade3cd261faf922a,2018-06-14 12:57:15,148.99,21.09
60f9a8bb9a63c3a3a0a57eedd90f1536,1,73a1c27772beb35c2b0caf9a809570f8,b4ffb71f0cb1b1c3d63fad021ecf93e1,2018-04-05 02:50:25,20.4,15.23
d6e4899000744aee28d41363a581e3c2,1,5a7cd5a522f29bef101933fea87a1a1a,8def3db7f272735afb2ecd03aeca09a7,2018-08-10 19:24:36,98.0,14.85
e32d8d43307c4e62e42bb84c3d247ca8,1,83b23a333b811855258c5ec9431f6d3e,1da3aeb70d7989d1e6d9b0e887f97c23,2018-04-02 10:29:09,16.0,7.39
b2487e261162c0d9162eab45862d42a0,1,839321c2db7b3b3eaff4944c3b052ecd,d25aa0aaacb370e912f8cf6efeba38b3,2018-06-15 14:18:31,113.89,34.34
8adafb3466daa5395694d3a906ff9d40,2,181b31b11ea16a87d5acab5a78320b93,973f21788dfab357250f69a8dcb7ddee,2017-01-29 15:47:27,35.0,10.42
928563298c0ea160c86ff4cd98c52aa7,1,a73f8a8294cb767f0823d21c2b1dba6f,3d871de0142ce09b7081e2b9d1733cb1,2017-10-03 20:49:29,48.9,11.85
8ee3616d5dd7807654cfa5658895cff9,1,75c06ee06b201f9b6301d2b5e72993f8,3c7c4a49ec3c6550809089c6a2ca9370,2018-04-19 02:31:40,13.99,7.39
f099e70d7cf0a758ccb7fb362d477166,1,b5e13c9a353102f79c6206ff5cb61a50,a49928bcdf77c55c6d6e05e09a9b4ca5,2018-03-14 02:15:51,89.9,23.21
0193a99edc8c599aaa16f9b9e991efb8,1,cee4ebfc997a2ac7f01145efb59cc7be,527801b552d0077ffd170872eb49683b,2018-07-31 07:35:09,154.9,15.39
0d4947e726ae3959a6cc28979ab632a2,1,f4a38926843e01497a3f63a5d5740c72,8b321bb669392f5163d04c59e235e066,2018-01-17 20:47:50,13.65,21.15
6ebb39e4d90eff5c1099de688d9b4f94,2,50ff36bb35c58748cec5ead466a68aa4,b372ee768ed69e46ca8cdbd267aa7a38,2018-03-12 03:55:39,165.0,15.12
6d481d5204319959780a50031fedfb48,2,798e4e153e7141eb95d330765208c63b,dd7ddc04e1b6c2c614352b383efe2d36,2018-03-07 22:30:28,129.9,9.72
777c67eab7c0712ccde8ffbb22715adb,6,73df0070248804951b5c6ba9537c6fc3,8d92f3ea807b89465643c219455e7369,2017-03-13 02:22:26,8.9,15.65
e3e1cd5b453de646c076ea5da017da13,1,64fb13596caf118c438edc5c6ed2d50a,88460e8ebdecbfecb5f9601833981930,2018-04-19 17:11:08,74.9,37.21
47930c4ab733d975d31a997cf4727396,1,d5cfc4570ec66c853873c3a7be07e377,ea8482cd71df3c1969d7b9473ff13abc,2018-06-22 17:04:48,229.99,19.71
65d8aca563e1335c68eed05a33bc99dd,1,dbb67791e405873b259e4656bf971246,f457c46070d02cadd8a68551231220dd,2018-03-01 09:29:27,82.0,15.32
f0c6a0e0bfda2071399b8cf2debeec5e,1,9f39e03276af0a6bbf2459ec383a19e6,6e864f5c4669eff3d98140a07cc50202,2017-09-05 18:30:25,152.19,17.32
9d0dea2e11b3af0d11ba66eac116bc6c,1,9007d9a8a0d332c61d9dd611fa341f4b,2c9e548be18521d1c43cde1c582c6de8,2018-03-27 19:50:52,7.9,19.04
7586fba717703e4122d9e3468c81949d,1,4fcb3d9a5f4871e8362dfedbdb02b064,8581055ce74af1daba164fdbd55a40de,2018-02-14 15:29:13,143.8,16.71
ee990334acb0ff9333b01afa465f3006,1,672e757f331900b9deea127a2a7b79fd,e59aa562b9f8076dd550fcddf0e73491,2018-03-08 02:10:55,410.0,35.32
a98012aa8c697f2bcff9f8c2183e0f2b,1,c5cb254d666e4420d56b5dc67ff59d29,52f0fe436a347ddad7ed5f9aa4e27eaa,2018-05-17 23:11:49,8.99,23.51
4cc00a9ac85dee3a197d788b827da7e8,1,d04e48982547095af81c231c3d581cb6,fa1c13f2614d7b5c4749cbc52fecda94,2017-12-07 15:10:41,289.9,15.78
d99bb25e168c15db3113f5d5db1ee1b4,1,e53e557d5a159f5aa2c5e995dfdf244b,88460e8ebdecbfecb5f9601833981930,2018-02-15 02:49:22,74.9,12.65
1cbde8a2b58c785c3d828e18adb3ea6b,1,afbe1e973aefbf72a330e3bc72d4b476,4a3ca9315b744ce9f8e9374361493884,2018-04-25 08:15:23,68.9,23.06
49b689eeebb45115d1a871b368692412,1,327fdf75bf08afa5ea0959ed59dab2ab,1da3aeb70d7989d1e6d9b0e887f97c23,2017-10-02 03:49:12,12.99,7.78
162e915bc5d7c6b2de7eca743a65b033,1,455819d0d2ccab9c6041aa8de3ae6b16,f18112da765e0971ca5d510dec322bdd,2018-01-07 22:26:56,158.9,58.9
ea6151036572e7eb2ba1a80c5741ebd4,1,53759a2ecddad2bb87a079a1f1519f73,1f50f920176fa81dab994f9023523100,2017-08-10 10:10:16,59.9,37.97
33f3e269b872b41e5f90b01a92d454eb,1,98a41cb9d66e8b7691f17dd7ebdfcd7a,744dac408745240a2c2528fb1b6028f3,2017-08-10 20:23:14,528.0,15.83
bdf0dff2c16a74482f5ffce31586700e,1,fd9222f5293048868b832e5179fa3ec5,a3a38f4affed601eb87a97788c949667,2017-04-13 18:01:58,49.9,22.28
ad6aec326fc31e34aaa0ff7ab3788c43,1,bea6df30df5a4d9e7edb50d44857dd54,850f4f8af5ea87287ac68de36e29107f,2017-10-18 09:49:10,789.0,18.54
2973501c740d29c4ad13c14b660e2472,1,ed00a8453145186b3f071f1e3edef33d,5b664594895aefb418afaee6d40a9a23,2017-03-08 12:15:21,38.9,14.52
63eced9d22684a7634b9a451c38d1ee4,1,ddc1d8513943b57455b160acf77e6507,33ac3e28642ab8bda860a2f693000e78,2017-06-01 22:55:10,82.99,34.38
f891a5652a32da88979c1328c7cb73db,1,dcfeedf441c38e5e7e58ffce194af2bb,a1474fd46fd3430168f7ec202da39408,2017-03-19 22:32:23,680.0,193.28
70de7b6034bc0e9a1f6074627ffab810,1,fcbb2b8c6eb8c27d15790d9834b253b4,77530e9772f57a62c906e1c21538ab82,2017-07-18 23:35:19,49.0,16.79
1384f5f2f4532f5b9fa0f6cadafc93cf,1,1937b3e587fc766c8d1cef0c11c6aa53,670c26e0f1bf8d0576271d5cfaec6d2b,2018-08-03 10:31:38,49.9,22.28
6f8c04e8edee74deceff537063bd46cc,1,40cb225d40f0acc7c8a2dc7b27176874,71592660bbcb6a4664e97b6f8b68babc,2018-02-28 10:39:12,244.0,16.46
2b436e6951b206c144738c3c430fb701,1,2a788bf848c3357ea72c31e344822aa9,13c2ed7698b3ca92dad49e849219da59,2018-01-09 20:29:32,99.0,17.13
01e0386aae6c6385feedb58bd4aae5c7,1,ca38c039b717207dec906f4fa9a21db7,59fb871bf6f4522a87ba567b42dafecf,2017-11-30 00:52:45,184.99,16.05
c96826f70a2d5d38af58a490427b9333,1,4bef81d2cb50510aad6c671195a82151,7e93a43ef30c4f03f38b393420bc753a,2018-01-11 21:17:22,225.0,9.77
b2c82d183b4cba4fc52074fe9384150a,1,1a053f9619cbdb4a83c0f61a68d01211,1da3aeb70d7989d1e6d9b0e887f97c23,2018-06-08 16:53:17,20.99,7.39
5658e0c28f9e67db30ba9ec22888600e,2,41c24b8ce92d1a2cac62db5edfd088b2,4869f7a5dfa277a7dca6462dcf3b52b2,2018-06-11 18:10:47,98.0,16.26
a0148d30bd60b1529214a696f8be8aea,1,9223b2f02160aacde2903cf54f396658,77530e9772f57a62c906e1c21538ab82,2017-07-24 11:30:24,99.0,18.93
e0f7f2941ad3a817c0cdb8f90b13f0f3,4,10b0226d162bdc55d60c0eabf68c7021,4c2b230173bb36f9b240f2b8ac11786e,2017-11-29 10:12:34,39.9,2.83
0dad7d1ff2920dfb357bfda892dca601,1,805967bd91579942b3caac4ebcc39a54,391fc6631aebcf3004804e51b40bcf1e,2017-08-30 01:10:16,49.95,11.85
360e47fcc6d138ac3f658d058fd2ffa3,1,9d8a0e115e802d845b4ce1eb794d1260,d05ae8f7a5bd1d2a690a44cd079e4e27,2017-11-22 13:35:54,120.0,15.59
dfb10cbc46a4cb952de477a6ea509dfd,1,7a10781637204d8d10485c71a6108a2e,4869f7a5dfa277a7dca6462dcf3b52b2,2018-03-23 07:50:39,219.0,43.59
6744ba320cc05c157f4ce99347a87e12,1,1ec486885049bbb9b79351d150ed18c4,cab85505710c7cb9b720bceb52b01cee,2018-05-11 04:31:54,49.9,7.39
a9ad904bde6787e355771489eef73012,1,beda52fd19ab7f39cadee87a7f3f472f,903037660cf848a717166eb7a06d616e,2017-01-27 21:38:10,112.99,15.55
dabb5a87a6d9cc1388abf76cdcf76e5b,1,f429bcbed72851b21f20d2daf4330bce,7b0df942f46435babab05d49b744b2c4,2017-09-01 11:35:22,359.0,18.27
fa7809f6cdf09dfab24cfc2669964ecb,1,7fd769d8502843f5c3f074785f9cfd61,0dfbed20065e425d2eaefb101f9816c0,2018-06-10 21:30:41,33.99,18.23
f4828ff963f97cbba213b56e3154ef2f,1,6f33a4a09ae1180a0ee1ff4682b2d21f,725c32fa80c2faacc4fc88450d27314e,2017-12-04 03:32:03,139.99,15.74
38b6f49502e64935521c6add952c4b84,2,53b36df67ebb7c41585e8d54d6772e08,7d13fca15225358621be4086e1eb0964,2018-04-26 11:55:24,110.0,0.0
345f6867e8f97e11fb9f1ac091b18df9,1,03b63c5fc16691530586ae020c345514,bfd27a966d91cfaafdb25d076585f0da,2018-06-15 15:31:07,239.0,42.43
e80b7d9d6ca2b46da0d5abe9c1d47548,2,7eb96ea641252f20b26fd6878d009a1d,955fee9216a65b617aa5c0531780ce60,2018-06-11 11:55:12,45.0,12.36
e3d564567e1bd9b72a0376689e35090e,1,6109d0cae3bcb57d579bc0fab6e61814,dbc22125167c298ef99da25668e1011f,2018-03-21 09:15:34,72.4,15.36
0e8a52f34b055d2027ea7807c20119c4,1,78efe838c04bbc568be034082200ac20,0241d4d5d36f10f80c644447315af0bd,2018-08-02 20:44:20,70.0,21.79
0094bd07f49fed90209ffa62d1ef26d6,1,d64e758afad411049a45e42c9a259241,5670f4db5b62c43d542e1b2d56b0cf7c,2018-05-09 04:12:53,11.53,7.39
17be7ed9263bf0ea1f2e8ad91f699dac,1,a02d0123079f4ae96001ba2010d1a2df,1025f0e2d44d7041d6cf58b6550e0bfa,2018-08-12 22:45:16,228.0,49.97
f3d418a0887dbfd5bd41c788c87ac28b,2,97759b2e2035fcd87986a43119b56c7d,213b25e6f54661939f11710a6fddb871,2017-12-18 03:36:30,37.95,42.14
f9af5101cce51c66f85d9e1f5f0fb877,1,09f80ba142f03fa8ccc8d62ff68b6d1d,96493fab2fbb13a14d0c0e8772eef5c3,2017-06-12 19:42:11,269.0,16.64
f9f807903694bbf34df92036c1d192f6,1,036734b5a58d5d4f46b0616ddc047ced,ea8482cd71df3c1969d7b9473ff13abc,2017-11-17 21:55:35,29.99,7.78
e41e11b6bbfb361583ab92eb18bc9018,1,c1f5307decb89342351bec53668cffd9,ea8482cd71df3c1969d7b9473ff13abc,2018-03-26 19:30:31,29.99,15.23
9bd40bacdd3b7f48be6736f831b3bf7d,1,564f6ff7ae760d6eda6d32c551724036,da8622b14eb17ae2831f4ac5b9dab84a,2018-01-16 10:08:53,199.9,14.51
66ee5096e9bfe7cbb6d32e170dc477b7,1,e070a61270050c4b1b704300f331cca6,66922902710d126a0e7d26b0e3805106,2018-04-26 07:15:10,56.0,16.36
fb3d9e762ad9fb92971864a84c619fec,1,dade783416e4099641bdd36ee0f0c3a3,a420f60ff1aa9acc80d0e42959f2b313,2018-07-05 15:32:18,128.0,35.19
731af685c0c3a53819519bbb93a9240d,1,347218313fef22ddc3bde07fd578b804,b14db04aa7881970e83ffa9426897925,2017-09-21 12:05:42,47.0,16.11
297cce15c34916477e3daa6b59db8a67,1,d5d6b56db7971e5aeb2c676fa9821d65,17ca9b9e9b9ef8fdb529001b49ebb50f,2017-11-08 23:30:20,121.97,19.09
ae2ee748fed0ababe6ae778cfb2acf94,3,a19b6951c75da43aad691622dd2f6abe,1025f0e2d44d7041d6cf58b6550e0bfa,2018-05-23 20:19:07,35.0,16.32
adfb144a67fa41dcd8a2b7685e40605b,1,5328338cfaa16ba10561cd970c73ca11,12b9676b00f60f3b700e83af21824c0e,2017-09-26 15:05:43,199.0,18.64
1b767ee7dada9fcf77567007fb90c2a8,1,e3d080fd5b3ce383ec62cf67d4cb8238,8b2492b7ff4468839593fafeed55bad9,2018-03-26 13:09:46,190.23,16.21
e56df93227f8b483792fc4571550b4a8,1,b16cbe318e5c99bf0c0ffde3a92a5ff2,87142160b41353c4e5fca2360caf6f92,2017-03-07 15:42:05,39.9,16.05
c5334d330e36d2a810a7a13c72e135ee,1,1d3f55c00acdb29bd959f2760abc8b7d,8581055ce74af1daba164fdbd55a40de,2018-03-01 09:20:21,168.05,15.93
68b73b2773ff90dc774d217f5a554680,1,de1aba30fa0ac366af9ced2db1b964a2,0432ead42b6c8a0bdf68154add917fdf,2018-01-12 17:53:18,89.9,21.43
0466015790ddd0ed7a2e65a6ca039c73,1,955d159d5f3a5d16c3808fcb7705224f,066a6914e1ebf3ea95a216c73a986b91,2018-04-19 13:30:29,14.0,18.23
4d52285d3673e01e94e3a68ad2104288,1,c2ece64199af7a53793ed9612a89a8cd,6c7d50c24b3ccd2fd83b44d8bb34e073,2018-02-05 04:31:00,88.34,16.25
88743d1ed8e7b6ca01e12830855ccda2,1,3f14d740544f37ece8a9e7bc8349797e,f457c46070d02cadd8a68551231220dd,2018-03-06 17:30:46,86.0,17.04
e7462b52f18d6033a0b5714f2dae7e79,1,41c24b8ce92d1a2cac62db5edfd088b2,7e93a43ef30c4f03f38b393420bc753a,2017-04-20 13:45:22,211.91,16.69
fbe00a3fcc28965ba29bbe674f7672e6,1,50504a602afeb7a2822ea65f1bed8f36,1127b7f2594683f2510f1c2c834a486b,2017-08-31 11:30:10,6.35,7.78
041d5ff28cb7d9b107b7461064dd40e2,1,e53e557d5a159f5aa2c5e995dfdf244b,88460e8ebdecbfecb5f9601833981930,2018-05-28 19:54:37,78.9,9.7
32d8aa395f9c9f357e1e3f7b214b9082,1,1c27515baa5bece76d41e2353efcdd8e,c6381d2d013342748761e906d45aff76,2018-04-11 14:49:11,79.0,24.68
9565cc0d085fdd4b53d39d15811ec913,1,589c0d57d007f11fee1db92a2ae3f376,b2ba3715d723d245138f291a6fe42594,2017-09-18 23:25:15,299.9,57.38
d556bdb76163c01de4a108305dc4bd65,1,0e11633dd5ea3089303dd9a9f226d5a8,12c2ed9cded6138cf0c75f525f565fc7,2017-11-16 19:50:38,84.99,10.01
bbc23131aab4b505c48b17061d069db2,1,7fb04722aba7a2b632bac8f9819796f3,f3b80352b986ab4d1057a4b724be19d0,2017-11-30 20:51:53,69.0,19.72
a67709a381f98fdb878825f92a95128e,1,ac7e25ab6b98f4508fcc4f5a85740011,8d956fec2e4337affcb520f56fd8cbfd,2018-06-07 16:30:54,83.99,15.47
bf7dc4793cf928d5303528934bd9647c,1,caf9add3dcd98d688be0064d9faf65b1,870d0118f7a9d85960f29ad89d5d989a,2017-09-21 12:09:31,54.9,25.22
a0b5b18e1a88382e88da5352bb3dcc3d,1,9cb67ae6cec5627ef21cbadcdb357054,542917da124346b47ea1ac79a93ce454,2017-03-09 16:43:13,119.0,17.83
4c33ec562d9dc5655e160913aa86eb53,1,07c055536ebf10dfbb6c6db6dbfc36e5,cca3071e3e9bb7d12640c9fbe2301306,2017-08-17 00:03:51,45.9,12.69
5cd4d921a222793519021a823618a17c,2,29608c81e9f1be14503667ecd1d35c63,bc47d5d1490df2b36add65d733eafaba,2018-01-18 02:31:44,12.5,26.26
aebe2bdd8b711c3314346813ff5fbc85,1,617186c3d97ea56c9c683a8a3974e8c1,cc419e0650a3c5ba77189a1882b7556a,2018-03-28 03:10:36,79.99,18.17
f78922eabf7ec2e30c6448d7965ddb9d,1,a5ae8400fc9fcacd4af585a57bbf264a,66922902710d126a0e7d26b0e3805106,2018-03-08 02:10:36,105.0,15.49
705bc68dd9abcfe7d39ecf21e897a250,1,3a7c9b0413d7b9cc7f4a18318fc5afb3,7a67c85e85bb2ce8582c35f2203ad736,2017-02-11 14:56:25,129.99,18.34
9b434ff82e1cc10e25641256b7ec7b15,1,d86963242e7dda7eed04f57e492ed655,a3a38f4affed601eb87a97788c949667,2017-10-09 21:24:29,74.9,16.28
c642d222512a5f6e0b07d52ae97e8e68,1,1d33febb6ca114fb1b9490005ee49de6,0176f73cc1195f367f7b32db1e5b3aa8,2017-11-30 01:13:55,189.9,34.6
fd9b8ed51e5ffedf7a56bea36cc5b6f9,1,0ef8c1b31d81d6b4453f70a61321f73e,fa1a9dec3a9940c072684a46728bf1fc,2018-04-04 23:26:57,119.9,23.42
6dc6a1816b2df736c34fd4041af68068,1,2b4609f8948be18874494203496bc318,cc419e0650a3c5ba77189a1882b7556a,2017-12-27 14:12:29,89.99,16.39
1b4f6e77a7bfc8aaecb66219bac6b9eb,1,4fe644d766c7566dbc46fb851363cb3b,c31eff8334d6b3047ed34bebd4d62c36,2018-07-26 21:31:28,99.99,42.98
a4125b229a0ccba8decce0b246368fbb,2,49adae85b53072da0eb9a88c3f0d2c7b,3d871de0142ce09b7081e2b9d1733cb1,2018-01-15 10:39:28,125.0,17.99
c42b587202c9ab27678911d072f3894d,1,abe6b1e401ce596ad0c493aeedb488a4,c847e075301870dd144a116762eaff9a,2017-02-21 11:18:51,29.9,15.56
c80425e9138d23b213a2cfd0261ddc69,1,1fa968aa921dd9cdf625d5caf8f96654,cb3dd9ce66268c7a3ca7241ac70ab58c,2017-06-13 06:55:18,21.99,12.69
82bda23fb0584ed5750d372e9b597e4d,1,3dd2a17168ec895c781a9191c1e95ad7,de722cd6dad950a92b7d4f82673f8833,2018-03-08 03:30:57,149.9,36.37
b35ce82e5e535cc632c4441e01d6046a,1,9804060d742be8facca9ff94f9aa436e,4e922959ae960d389249c378d1c939f5,2018-07-25 18:25:16,98.0,19.88
7bbb2b4fd60b56329b20353470ec4080,1,a7e3c4e94e2cdb8acd51459762d4c263,2a1348e9addc1af5aaa619b1a3679d6b,2017-11-03 19:30:19,48.9,15.1
9cabafe13d423fbaa722617b69188084,1,dff4c23e8bf1e78f4a793d8f76c7608c,1660ad786c27fd935378b6192a90b417,2017-09-25 03:34:21,130.0,12.11
8304cd42545c641d13b9165c7028c85a,1,563d3acc8617b83d2db122e43905a17d,1835b56ce799e6a4dc4eddc053f04066,2018-01-19 01:37:20,143.9,16.91
45281486033aa1a5fb951a3cb2105e29,1,67fcc72a4cfd0ac826c0158ce5c98ae6,76d5af76d0271110f9af36c92573f765,2018-02-20 23:30:45,659.0,13.52
30d5a8ce8a4195b742a8342c739efe91,1,b984d2ef473c9daeaee1f7754f0076fb,4c18691b6037662be2df78a765d98ab5,2018-07-31 13:24:10,26.85,18.29
6b6691a02fbc1d93db80af20e602b8e9,2,5d983d66e379e5200d979878175c7af4,95e03ca3d4146e4011985981aeb959b9,2018-06-15 13:17:05,38.0,9.2
fc956251c8eb3a139e862178fe18b68d,1,308a7360ee2e0ecfb6aa7708428692af,128639473a139ac0f3e5f5ade55873a5,2017-09-11 21:24:07,25.9,15.1
4b28afe5e25f1d2fb8ea4e378b25496b,3,368c6c730842d78016ad823897a372db,1f50f920176fa81dab994f9023523100,2018-04-23 00:50:17,53.9,13.46
bf6e868e898464ab301f89d753979d4d,1,51ce723ffd19d9d8d7893b8e835bf3cf,23613d49c3ac2bd302259e55c06c050c,2017-06-20 02:35:36,89.9,27.18
36a423301e22ec2c1911afa7e7c7c48c,1,f510b05e475dddcb832edeebeea10f20,1336efc61c316ddf92c899eb817f7cae,2018-04-08 22:48:17,54.99,13.74
579d1ca1c229566ac9ad0bb17a50f99b,1,422879e10f46682990de24d770e7f83d,1f50f920176fa81dab994f9023523100,2017-09-13 23:25:10,59.9,17.67
00a77f9cc25b05b2004752593d7b8888,1,33bd5538a16d23f0a39da1c9bfd20980,94e93ce877be27a515118dbfd2c2be41,2017-06-28 20:05:22,177.9,18.5
23b051786ba773bb672b5c49456b8511,1,473795a355d29305c3ea6b156833adf5,620c87c171fb2a6dd6e8bb4dec959fc6,2017-02-09 18:08:39,59.9,14.59
2348f7f4bfb8d8892725f278c51c112f,1,9b564ab4807c6c00dcc56a91c5e1c8a3,46dc3b2cc0980fb8ec44634e21d2718e,2017-12-11 16:30:58,99.99,15.46
a27f62a78cf61c0b88a3897a2e5cd8a6,1,11875b30b49585209e608f40e8082e65,669ae81880e08f269a64487cfb287169,2017-06-23 08:23:03,65.0,15.2
2c434ccd3ee0da607ae0d16400de7bea,1,389d119b48cf3043d311335e499d9c6b,1f50f920176fa81dab994f9023523100,2018-01-22 12:19:21,49.9,17.6
0dd8c916a4beb8512a85d15c9ba4c82c,1,cbdcb07438032e11d74bbb913fbcd8a0,b4a476fbd28de64b1e347abf9089366a,2017-05-23 14:22:03,155.5,16.85
7534ce179e1751acc26f743ab22ace56,1,4dac30b28142fc71237ff0892e7f29c1,2b3e4a2a3ea8e01938cabda2a3e5cc79,2017-06-14 02:45:27,129.5,33.36
a109b4732228abd28233fc31ca544cac,1,7ac92e616265ecb6de1477bd80277509,17908cf9b444ee34047cadd5c0f4a516,2018-08-14 22:15:13,110.0,23.92
2f9892eb8df4a437d90cc5b1486f3b02,1,4ceab0364ce2bef8363b89f4719bbff7,da8622b14eb17ae2831f4ac5b9dab84a,2017-08-03 20:43:30,99.9,21.19
2ef077f0887173cd2d434c424d15fa21,1,8307d6d6781b40a6b3b4c222da56f274,b5e3e38609125694d2ea2417522a60b7,2017-05-05 15:15:18,109.99,16.47
94f1e81783b607dd10f270a0ceaf9d40,1,2b4609f8948be18874494203496bc318,cc419e0650a3c5ba77189a1882b7556a,2017-12-22 13:12:18,89.99,15.39
1ccf68abfb6823f0eecaed1245461be7,2,422879e10f46682990de24d770e7f83d,1f50f920176fa81dab994f9023523100,2018-02-05 23:31:35,49.9,17.6
09efb7cd51fbc54c89edb7aff4a3f637,1,c6dd917a0be2a704582055949915ab32,7a67c85e85bb2ce8582c35f2203ad736,2017-05-18 21:31:38,99.99,15.46
517bd49d869100558362e70c45f13dd5,1,8435e69e8ca35cc17d3471e240ea0d44,855668e0971d4dfd7bef1b6a4133b41b,2017-11-08 18:05:18,250.0,15.35
44bbcd212c259d0ce5f8a9eb94084757,1,6bbe55cf8f85c87b6eebb775a53402f4,e62b2d6ac10570a035a30bafcf01d263,2018-02-16 14:09:04,54.9,25.66
784a19dd0d5ab3f6d2c970c3d5210215,1,bc3d15dd90a6794ea7710f1642aae319,6b89abe95848c850399130d149a39b63,2018-02-21 22:47:05,145.9,28.4
66528ad3bb480c8959bb478cc37becdd,1,7002de80666aef110fc6b91f41e111d5,643214e62b870443ccbe55ab29a4dccf,2017-10-10 20:28:11,74.58,7.78
566f53fc7d36fa366f7e221468121877,1,02a99f266fc960423c1186ecbd627804,4da0e408c99d2fdc2126dc9fce518060,2017-02-04 13:15:42,69.9,15.7
c42d511bb52d7f195c92a0c973109976,1,4fcc9ea45483a04bc0b5d63622108272,e49c26c3edfa46d227d5121a6b6e4d37,2017-12-29 02:38:49,439.99,40.63
9a09c8f0e971786c75d28809043dc55d,1,d017a2151d543a9885604dc62a3d9dcc,6560211a19b47992c3666cc44a7e94c0,2017-08-22 12:10:17,49.0,7.78
23987648ad1833dc7e272733d11ec3e8,1,f41a6dc6692a3c5c21769881b158de3e,abcd2cb37d46c2c8fb1bf071c859fc5b,2018-02-01 13:31:40,28.9,21.15
904194f416371c5ccc2bf141308220ab,1,7d8e924f1da646ec896e1c0a80ef2f99,6481e96574816ead57975da2c0f6d80d,2018-05-07 06:13:25,16.0,7.87
a5a322511ad2f5a5296e865cd5c23abe,1,2c612d9f04a4e74f68ce85d201c704e8,6d803cb79cc31c41c4c789a75933b3c7,2017-10-16 23:28:15,39.9,12.69
d7defcb8f59419ce565959f595bbb988,1,ad183bca8419cc4a34c0ed87d44b07c7,0c7f30ae9b147eca07affbef92832a6a,2017-03-15 23:35:49,79.9,15.77
6e496cc6275d951e01ba4a1e527d6d69,1,3dd2a17168ec895c781a9191c1e95ad7,de722cd6dad950a92b7d4f82673f8833,2018-05-24 08:56:59,149.9,19.4
6c8d9c889ff58afb2ced2fdf22588b6e,1,bcb4f6803e8889a70dc5ed14c2f5f785,897060da8b9a21f655304d50fd935913,2017-12-07 04:40:06,45.65,11.85
0cea1002b907a645918a03922e9fadbd,1,2827ebfb043a328a13a06ca9165cad0a,1900267e848ceeba8fa32d80c1a5f5a8,2017-11-28 15:11:31,69.0,38.03
1749aa0c3e963525049e36964941cee5,1,12cfb75a481057d8c401f03f870a3305,ef990a83bbea832f36ebe81376335aa8,2018-02-01 20:37:25,54.9,14.13
10d9e0700d28a9c502e7d81473bb2224,1,5d7a4ee1450d108913cdd64fff383338,b4ffb71f0cb1b1c3d63fad021ecf93e1,2018-02-13 08:50:26,34.5,11.85
9b44dbd50995185feff18a27d242838b,1,dbfa741e0e5dfae13c9f023d8b8cbd96,05f51e13da97139648b8125c31e5f51b,2017-08-15 17:05:12,139.9,16.42
081dff6255d4b75937a72577339b2728,2,26c6145c9687019a428467c8852ae36b,ffad1e7127fb622cb64a900751590acd,2018-03-19 14:31:43,17.8,8.64
79a76f3f9a47dd140f8085fc511c568f,1,1eacd44485008a89ec96c524993d8207,ea8482cd71df3c1969d7b9473ff13abc,2018-01-11 02:36:49,27.99,16.79
28100e608903eb27aa01604f626bd8c6,1,488d60f672d1e67be88006cd4dbce218,07de60b03d150fb3ea09eab5da5e4c8b,2018-08-20 21:09:55,89.9,21.27
8d8dd87b61b3fb82a68af8b3c890764f,1,4ae634441e444ca4bc85903cafe98d73,92eb0f42c21942b6552362b9b114707d,2017-06-19 04:10:15,11.99,15.79
626def5d634d7a7c180f03cdd9178930,1,96e8923537d69875e7507e3fe08ceb6d,4a3ca9315b744ce9f8e9374361493884,2017-09-18 11:30:31,79.05,12.05
688f9f7bf06856abf4f9bd73e57cb5a4,1,b1d207586fca400a2370d50a9ba1da98,1ca7077d890b907f89be8c954a02686a,2018-01-04 12:16:32,149.0,14.79
8a7096900fa8a063219b9edd1a9e5431,1,d1ea79912538f8c08574d206777837bf,da6a60cc8cc724fe51be021ff8be779c,2018-06-25 17:26:53,45.9,19.51
4b160ae84bf86ca95ce56c7c83c0c5eb,3,b40fe421bacf70aea142a25d3ac7737b,e0a366315b1b726b6c7832d664c0f530,2018-05-22 03:16:20,103.9,14.82
3befd8331efa9255d2e09585a7042fc3,1,7c1bd920dbdf22470b68bde975dd3ccf,cc419e0650a3c5ba77189a1882b7556a,2017-05-16 02:22:50,64.99,24.94
011b142c9e082a5c1d10e0a88cd9c8e8,1,4cb33e9787e8a38b82bd68e70f5f4700,17e34d8224d27a541263c4c64b11a56b,2018-03-29 11:55:34,243.37,53.83
f599acb00d4cb6e90d83d34a56c71ded,1,f76648d50e1f928a32d5d8559719092f,7202e2ba20579a9bd1acb29e61fe71f6,2017-12-21 21:58:22,349.9,27.73
32720c0c8b42f4c2cdb07cee5ec2444b,1,0141015d2469c1c5f9d7d377d1cdb44a,c747d5b92c7648417faea95d36d763e8,2017-11-30 01:52:03,139.0,85.75
95bdb86dcfd0b17e0923fb8740f18e35,1,ed2067a9c1f79553088a3c67b99a9f97,cbd996ad3c1b7dc71fd0e5f5df9087e2,2018-08-24 13:55:18,67.8,14.06
b85a7527aeed7648354efec94c8db7fd,1,6f3b5b605d91b7439c5e3f5a8dffeea7,4869f7a5dfa277a7dca6462dcf3b52b2,2018-02-28 17:55:50,199.0,16.14
0e78a0fe8a4dba7965080ad7c3bce866,1,99a4788cb24856965c36a24e339b6058,4a3ca9315b744ce9f8e9374361493884,2018-06-18 08:30:26,79.9,23.14
6dac2e713f40b14ce9f85b719fb91a2a,1,771a6b6fc2cc294592e31f3c675a091a,5d0363b33554b373851fc1622e4d5f3c,2018-03-12 03:35:43,50.9,27.74
a679a3450fae65339681e567b378ebc5,1,53e5ab849cd05746afa487fb57fa8271,fa1c13f2614d7b5c4749cbc52fecda94,2017-08-21 12:55:19,309.9,18.61
5b21b46782ed9faaaa055f0c4eb0cac0,1,4c2394abfbac7ff59ec7a420918562fa,cc419e0650a3c5ba77189a1882b7556a,2017-12-07 18:32:08,84.99,22.91
1171e6b0edcd799330be154f3dc4d93b,1,fe9dfbe7f974621789683b7b78be2a16,900ba814c251a692506d7834c1218441,2017-12-04 13:06:36,326.16,33.03
5e3081d115ec0e1e17b02019e4330d61,2,e54f264ebcdf353273544c6cc18de83f,cd06602b43d8800bd0afad514919d35c,2017-08-24 18:35:04,222.19,26.01
cbf012d904aadfcf846e4e8d16192616,1,abc3432ff825d8e524db1d4eac6d2099,8d956fec2e4337affcb520f56fd8cbfd,2018-03-28 00:50:32,39.99,7.39
