order_id,customer_id,order_status,order_purchase_timestamp,order_approved_at,order_delivered_carrier_date,order_delivered_customer_date,order_estimated_delivery_date
11da60acfcd7ff313e1ef9c2f86029b9,1628a7562ca4ba34dbc6b96534e41a61,delivered,2017-12-04 11:26:11,2017-12-04 16:31:35,2017-12-12 14:17:01,2017-12-14 18:04:20,2017-12-27 00:00:00
e309a85cd901c566767a2aa98090085c,b2f351b578d5fa960f941afe5379cedc,delivered,2018-06-01 09:35:57,2018-06-02 03:31:49,2018-06-04 10:55:00,2018-06-05 16:52:18,2018-06-26 00:00:00
44ed504dda677f0c2509cf533ceffba9,9c33dfce6c598c5937553e844591e0ca,delivered,2017-11-24 13:03:08,2017-11-24 15:14:58,2017-11-27 19:48:53,2017-12-01 21:51:53,2017-12-18 00:00:00
037853d95871494e2e6147d00e37659a,81f6608e7150cede9a3d8c1dbf592113,delivered,2017-08-22 21:57:49,2017-08-23 00:33:00,2017-08-24 14:28:08,2017-08-25 13:27:48,2017-09-04 00:00:00
eae7c385faf129f9e3dfa314bda4d979,1ab8e0c89bc86653d00e6ce606d71e18,delivered,2017-10-02 14:50:52,2017-10-02 15:04:33,2017-10-03 16:12:56,2017-10-14 00:27:48,2017-10-26 00:00:00
25fbf27ebf14d822b62827aeb77d9d10,8dcf681336e6c839f3d6c2399dee467d,delivered,2017-03-14 12:50:27,2017-03-14 12:50:27,2017-03-16 08:17:46,2017-04-09 09:07:03,2017-04-26 00:00:00
eeba00e11fa68a44e8f8ea73e40da5b7,c5f083ee29fbad8f643af08c74fc8ed5,delivered,2017-12-26 16:25:59,2017-12-27 04:07:35,2017-12-27 19:23:03,2018-01-09 01:38:20,2018-01-19 00:00:00
357e8bcc302e3f48f4d578d3e3f239db,b741f49aea8e2c104fd2f5e29d012d9d,delivered,2018-03-18 00:40:55,2018-03-18 00:50:26,2018-03-20 01:48:23,2018-04-10 16:57:47,2018-04-10 00:00:00
93cc657ef01997bdee3bc4d3e574a470,e4dcfeb9cf0bb6e49c608355ec590e96,delivered,2018-07-10 10:30:04,2018-07-10 10:45:32,2018-07-10 14:39:00,2018-07-13 00:28:27,2018-07-24 00:00:00
175a79065991e40569812e90232dc38d,092b4a3968d596ad4eeb10b217b87cde,delivered,2018-08-08 09:49:45,2018-08-08 10:05:04,2018-08-09 12:20:00,2018-08-16 18:40:58,2018-08-31 00:00:00
a1bbc50582a23583fb463282d7807e6a,c6b80a2b1b90507f8a4d42ec211ba949,delivered,2017-10-03 08:44:58,2017-10-03 08:56:30,2017-10-04 15:42:10,2017-10-10 21:35:40,2017-10-25 00:00:00
1e2751c3d3ccebf99f0de90d7fd2b279,4d076b22079be9bc624fa921a1b6b7f2,delivered,2018-05-08 20:28:49,2018-05-08 21:11:32,2018-05-10 19:07:00,2018-05-11 17:06:31,2018-05-25 00:00:00
47999a7490ff2905f7ca3da2edcc9c52,920f397f9443bbf5775f7e99a2245890,delivered,2018-04-12 22:26:12,2018-04-13 13:30:32,2018-04-14 00:09:27,2018-04-18 13:48:41,2018-04-30 00:00:00
155581701d726e5261052c3e6fa83dfe,25afd4d88507d0c37245f8f2031c9c7d,delivered,2018-07-15 10:03:12,2018-07-15 10:15:12,2018-07-16 14:44:00,2018-07-28 08:59:41,2018-08-07 00:00:00
5290c34bd38a8a095b885f13958db1e1,92af427e290117f39d9ff908566072e0,canceled,2018-08-21 10:25:18,,,,2018-09-06 00:00:00
3d9817c275992633499fdc96798e8c33,d45ab7ec2574181437e382cf9cb149af,delivered,2018-01-22 16:11:12,2018-01-22 16:18:33,2018-01-24 22:34:24,2018-01-25 19:46:56,2018-02-20 00:00:00
09b38400b1601bc9dea9de02c710857f,9ed06342197fde512695b88ef49400c2,delivered,2017-01-17 13:23:49,2017-01-18 02:10:39,2017-01-20 07:13:45,2017-01-27 12:09:44,2017-03-06 00:00:00
7dc752874b41282cfc7a1d5b22a5baef,7e710d6d426e7b9d30e7f2caeeb6d7d0,delivered,2018-08-24 19:42:51,2018-08-24 19:55:21,2018-08-27 12:26:00,2018-08-30 23:15:37,2018-09-11 00:00:00
668cc6e441f0a986cf09c787ff80463d,e0b7c97d75cf1fe355964ae5820b1b11,delivered,2018-05-21 23:36:23,2018-05-22 03:15:23,2018-05-22 15:08:00,2018-06-07 19:52:41,2018-06-07 00:00:00
d3605b7117930d845a75af0d32c3bc7e,ea7c78d210a9cd6b447a80b3508edc0c,delivered,2017-11-17 19:59:06,2017-11-21 04:06:22,2017-11-23 02:21:01,2017-12-01 20:36:46,2017-12-11 00:00:00
626c5c9bfe704ebabd98974ff8307803,9835403a86d824be9a0b0cb332f3f7f8,delivered,2017-04-02 16:42:37,2017-04-02 16:55:13,2017-04-07 14:13:36,2017-04-18 14:48:25,2017-04-27 00:00:00
08ede61c43aa112b05a8207ec1847298,0671272d236e58448b3cbdb7f819f6f7,delivered,2017-06-15 13:24:29,2017-06-15 13:35:14,2017-06-22 09:05:17,2017-06-29 10:42:41,2017-07-06 00:00:00
5851a5db9fdbecd7306fcb30f6a8e2d2,bdf180a76130c328884372594844f849,delivered,2018-02-22 22:17:26,2018-02-22 22:30:23,2018-02-26 16:08:36,2018-03-09 14:16:34,2018-03-21 00:00:00
8343719a3a2ba5f03b26696bccdc754c,1eda884faab2f84fa3f4ca19e7c28ba8,delivered,2017-11-08 22:03:54,2017-11-08 22:16:03,2017-11-16 20:56:54,2017-11-29 18:09:55,2017-12-05 00:00:00
313f25a83d55c705aebc12f1296f5059,e5d4897bd517dce6ebd8783fb43a2f53,delivered,2018-04-19 10:57:31,2018-04-19 16:58:36,2018-04-20 17:32:14,2018-05-16 23:39:45,2018-05-23 00:00:00
37b0e2f6ce00c698193537e597cf3402,009043346db59e970bcad7e5a6e590ca,delivered,2017-09-15 09:24:57,2017-09-15 09:44:22,2017-09-15 15:44:43,2017-09-20 20:18:56,2017-10-06 00:00:00
df9cb95519f5099c6717f4f8b8633802,eb4d2893124da6af86565933a36c24c2,delivered,2017-12-02 07:43:01,2017-12-02 08:56:54,2017-12-04 22:53:04,2017-12-09 20:16:50,2017-12-27 00:00:00
1fe9c69cd9c7f861766b5fc17ba3102d,bb20f6ab26011e4a1ad2f6ce5ae40803,delivered,2017-11-16 13:04:24,2017-11-16 13:15:56,2017-11-16 21:34:32,2017-11-28 00:42:46,2017-12-07 00:00:00
503ede67b27bbb1c7dca67c00af403a5,d550ac7fe9688fbc885f4d87a986a54f,delivered,2017-11-27 22:46:58,2017-11-27 22:57:39,2017-11-29 00:19:00,2017-12-12 22:51:55,2017-12-26 00:00:00
474830369187d08dab0036115c9545bb,0630f4893eec49ac76256eff922b792c,delivered,2017-08-11 09:19:03,2017-08-11 09:30:15,2017-08-11 18:09:55,2017-08-22 22:27:33,2017-09-19 00:00:00
0510fbef17088fdb22eed8b459322c62,13e8265ea7e8a11df7a56799f5806220,delivered,2018-04-24 19:42:23,2018-04-24 19:55:14,2018-04-25 15:09:00,2018-04-26 18:23:36,2018-05-03 00:00:00
81633234173b1cd685789057d87021c9,0afd3fc9533b6a435dab3f0c2f591b8f,delivered,2018-08-13 10:12:41,2018-08-14 10:10:13,2018-08-15 05:41:00,2018-08-18 16:58:54,2018-08-20 00:00:00
77dd0936b9f8f4340353ccb7e6ba7922,5bf5aa95feae7e68aa9712ec50abd94d,delivered,2018-01-17 20:23:49,2018-01-17 20:35:22,2018-01-24 19:35:15,2018-02-02 00:37:51,2018-02-07 00:00:00
fd4109dbc7f1afb126fbcac13ec4f5b8,8af25ba3b3fcd4a0a301cbdc78a34778,delivered,2018-06-21 21:09:18,2018-06-23 01:40:31,2018-06-25 15:19:00,2018-07-03 17:32:57,2018-07-25 00:00:00
6d6491e68b2e416f68ec6e23e004d3a3,3008cf4a74a01457bd6c1a13dd303150,delivered,2017-10-22 02:45:19,2017-10-24 20:49:53,2017-10-27 19:29:02,2017-11-01 16:27:23,2017-11-10 00:00:00
1c03149670e997c92432fe942dfd842e,b5c2240b39a2731614276fcd9e2e5019,delivered,2018-03-25 20:25:28,2018-03-25 20:48:23,2018-03-27 19:08:37,2018-03-29 21:38:52,2018-04-06 00:00:00
8e350e1e4254bd7c68913b98bde7d3a7,f7060c3a8e6970cabb0af29d2864f4fd,delivered,2017-05-19 15:41:12,2017-05-20 15:50:07,2017-05-23 15:48:58,2017-05-31 06:25:38,2017-06-14 00:00:00
4c5d1f62e7eaa8c0f05fbe1b048ee690,9b5909d646d1b9ec3d8cbaf0bae0a0ac,delivered,2017-11-21 11:35:54,2017-11-22 02:37:03,2017-11-22 18:08:54,2017-12-01 14:46:56,2017-12-13 00:00:00
fa3418d42d5f87df0490832ade4cb968,75191377eb49aed024f942c68fa2e186,delivered,2018-08-06 12:14:13,2018-08-06 12:25:13,2018-08-08 14:58:00,2018-08-09 12:47:30,2018-08-13 00:00:00
22613579f7d11cc59c4347526fc3c79e,53cc5d344077104b59d4f6836a90eb0b,delivered,2016-10-04 13:45:08,2016-10-04 14:27:49,2016-10-15 10:12:47,2016-10-18 22:35:47,2016-11-28 00:00:00
fde43c8d10a125abbbc0b5e8e1c9d779,90aae7cae26e53acf3981e1de033e188,delivered,2018-02-06 13:17:18,2018-02-06 15:50:38,2018-02-07 17:56:51,2018-03-08 16:53:48,2018-03-16 00:00:00
6e0eaecee9bbc83b77b4632e6c592963,a612afb529148dcb23632b4059250877,delivered,2018-03-15 22:54:22,2018-03-15 23:11:02,2018-03-16 16:48:55,2018-04-20 21:26:29,2018-04-09 00:00:00
2a4a59ba2f6ffd2ab64d38122a957cba,07660608cde07538da3a7ff7a838af11,delivered,2018-05-15 10:12:10,2018-05-15 10:55:24,2018-05-15 15:19:00,2018-05-16 19:18:48,2018-05-24 00:00:00
2a7cb435d5ffc8aaeae3c4f08a181dce,b4acc63738cbab90288441d5977e2f6d,delivered,2018-06-03 22:06:22,2018-06-04 09:30:18,2018-06-04 14:32:00,2018-06-18 16:03:44,2018-07-19 00:00:00
a72d5b964207fa70e4ac5ce9efd33c96,01bd3cc201383c0055f6b128fd089f1a,delivered,2017-06-01 16:05:28,2017-06-03 02:25:18,2017-06-05 14:09:39,2017-06-09 07:25:46,2017-06-29 00:00:00
05cb96d379b1a3df48333ecaa572bf26,c6e691c175eec63a4100191183cf90fc,delivered,2018-08-22 13:49:40,2018-08-22 14:04:38,2018-08-23 14:23:00,2018-08-27 22:58:23,2018-08-27 00:00:00
288ed410bf6e7ce609f9d3147fc21ef2,cd0e8801fd897edcf7c6c0841edbc2e2,delivered,2017-11-14 21:52:07,2017-11-14 22:06:42,2017-11-17 23:55:27,2017-11-27 22:53:34,2017-12-11 00:00:00
5f9a1c89de3d5b9589622f33ee136871,7cca22c60c77d6d15ffbf8619f4f3a58,delivered,2018-06-28 14:45:33,2018-06-28 14:55:15,2018-07-03 06:08:00,2018-07-11 22:51:34,2018-08-01 00:00:00
eada3ac7ed364835ff906f8b4c8b1f72,c83cfa71a2ded601be5ef7d16115dbd7,delivered,2017-11-21 20:27:49,2017-11-21 20:35:52,2017-11-23 23:18:50,2017-12-04 23:59:11,2017-12-11 00:00:00
a902114dd9904d0720db65f860a98d7d,6266ee311ee0d42dfaa7963d78342a4f,delivered,2018-07-19 14:17:07,2018-07-19 14:30:17,2018-07-20 14:04:00,2018-07-23 20:44:49,2018-08-08 00:00:00
0fcb1b4cfdb2f127f9ae4d732352dfc7,fee9143c97f344e2663c67de0ab6eefe,delivered,2018-03-13 23:54:44,2018-03-15 03:31:31,2018-03-16 00:27:28,2018-03-22 00:32:44,2018-03-29 00:00:00
102a6b13aa973c8c169ba1d62ffa4cce,fef16d4748e573e3e48809c20be99bb3,delivered,2018-06-08 13:16:40,2018-06-09 03:13:10,2018-06-11 14:35:00,2018-06-21 19:51:45,2018-06-28 00:00:00
208f886949aabb97ed60c2f51a74717b,f597de4b306148f8269a02c7dec0ec6b,delivered,2018-03-21 18:46:01,2018-03-21 19:08:24,2018-03-22 21:32:18,2018-04-10 20:19:12,2018-04-23 00:00:00
eb3e609122ff22d02d5a59b00537e936,31d3d3ce8c39051cf0f260b9c9aea268,delivered,2017-05-02 13:10:57,2017-05-02 13:22:47,2017-05-09 14:19:27,2017-05-11 13:12:17,2017-05-23 00:00:00
a304822264c42e355a3235fa2395b018,17113c767908a333aa231284d0a0941c,delivered,2017-03-07 12:16:36,2017-03-07 12:32:23,2017-03-09 13:19:32,2017-03-13 06:03:17,2017-03-24 00:00:00
22216fb7efde2d52865d1d84d9ed5702,81960f733a0385ff7daa37152eab8e2c,delivered,2017-12-28 14:57:44,2017-12-28 15:07:19,2018-01-02 22:39:56,2018-01-04 19:40:25,2018-01-23 00:00:00
7ea3b6e314e533719b7dbc3ad951aef3,f51abbc1aedad3c2043a901fcb09f93e,delivered,2018-06-01 14:45:02,2018-06-02 14:51:41,2018-06-04 15:03:00,2018-06-12 19:58:33,2018-07-11 00:00:00
b6bfbeea1b933b34c91ec0b216a50347,1ece07e2253ede2f81d2c3c7342232a8,delivered,2017-10-11 16:58:39,2017-10-11 17:14:13,2017-10-13 18:12:11,2017-10-20 18:53:45,2017-11-07 00:00:00
f94344586ac6663aabd08cbb1381e347,8ff02d450ba93882e5d0277f2fdc8727,delivered,2018-04-20 20:14:26,2018-04-24 18:37:31,2018-04-25 14:47:00,2018-05-02 20:52:14,2018-05-21 00:00:00
e71de1319c64de74f70d18d1459d270d,2186cc784d9f14d554281e29f7a66362,delivered,2018-06-02 22:29:52,2018-06-02 22:51:08,2018-06-08 13:40:00,2018-06-14 01:08:33,2018-07-24 00:00:00
78c0b73c9ead9f3ec1b6fe898caac608,192c13edf7e555751c8746553b2eacec,delivered,2017-09-22 01:42:48,2017-09-22 01:55:10,2017-09-28 17:03:00,2017-10-05 21:42:37,2017-10-27 00:00:00
98509cb0716e6b8b252e0dcb05b2e481,14f19cd312c81ec701cd8952871b02af,delivered,2018-04-11 16:55:26,2018-04-11 17:10:59,2018-04-12 18:23:42,2018-04-13 18:38:23,2018-04-27 00:00:00
46e8348ff73e64f24843a7d2fad9fcfd,2a6f4afc6cfdd2096f8b3002dfb30db1,delivered,2017-03-08 08:58:11,2017-03-08 09:10:18,2017-03-10 13:18:00,2017-03-13 10:51:50,2017-04-07 00:00:00
afb1e1ccaac288ec1ab9754e2e36cdaf,101a5d44d7659f8b2ec49d385d80a1ed,delivered,2017-11-26 12:03:05,2017-11-26 12:16:21,2017-11-27 17:56:11,2017-12-04 21:34:31,2017-12-18 00:00:00
f9b45712fe135d49c839b6dc346d2661,0c074e014f4b775ec78e28f3f35ee0fd,delivered,2018-01-05 17:08:19,2018-01-05 17:19:25,2018-01-08 23:08:11,2018-01-11 22:46:16,2018-02-01 00:00:00
b75fb3fad479a8d1dfff143f49f2f76d,6f463a79f3c9e5c6048406464a7d5228,delivered,2018-07-14 20:52:07,2018-07-14 21:03:58,2018-07-18 14:10:00,2018-07-24 17:03:39,2018-07-30 00:00:00
decd51240a83290835fb78029efd1f0a,d28371caf7435596262c5c40a6a9c325,delivered,2018-01-04 11:11:33,2018-01-04 11:28:39,2018-01-08 14:56:59,2018-01-10 12:42:09,2018-01-29 00:00:00
b790cd47d5cb1c9d14ce268a5a076782,95d7d67cad21376a7879f26715f51855,delivered,2017-09-30 11:16:37,2017-09-30 11:28:13,2017-10-02 18:51:03,2017-10-10 16:36:49,2017-10-27 00:00:00
fed4434add09a6f332ea398efd656a5c,5e28dfe12db7fb50a4b2f691faecea5e,delivered,2018-04-08 20:11:50,2018-04-08 20:30:03,2018-04-09 17:52:17,2018-05-09 19:03:15,2018-05-02 00:00:00
c559ef7939489ab0ce5419d36a23938d,05dd9d54d4ad7fcea2db0393e5f6c6d6,delivered,2017-10-08 11:06:54,2017-10-08 11:14:12,2017-10-10 17:30:17,2017-10-23 22:11:46,2017-11-03 00:00:00
269bbdf003d4126d5687fbaf9542813d,e25c42203e27abf33139b1caa9ba1990,delivered,2017-12-21 22:26:26,2017-12-21 22:38:32,2017-12-22 18:53:06,2017-12-30 09:46:25,2018-01-11 00:00:00
c47acf407eb57ab063c79f3f1c8f7018,bea09f07c235c12f4d5fd154651c0f5f,delivered,2018-02-12 20:41:50,2018-02-15 03:47:16,2018-02-16 03:33:42,2018-02-19 11:16:56,2018-02-23 00:00:00
3f0541d009d20e9a244f3bb2ebf07f8f,accdad8ab1a62db957ffcefa272667a0,delivered,2017-11-16 18:57:18,2017-11-16 19:15:45,2017-11-20 22:18:45,2017-12-28 20:17:33,2017-12-15 00:00:00
78ce488a8f58dbbb19e93dfd9d8d07be,54642ea10048a6edef2db04a848004d4,delivered,2017-10-14 07:42:55,2017-10-14 07:56:11,2017-10-17 14:28:05,2017-11-02 13:16:44,2017-11-06 00:00:00
c8332aa7a15349000b30b596b50a98f4,6ce8e8da73c3e1e90fc5d03e68a41013,processing,2017-02-25 10:11:17,2017-02-25 10:25:11,,,2017-03-20 00:00:00
3437696fd6e7ed0db729224d21959bc9,f206315b02656d3adf91b65e35b7a70c,delivered,2018-03-07 20:20:25,2018-03-07 20:30:50,2018-03-08 19:09:48,2018-03-28 23:43:25,2018-04-02 00:00:00
cc91c4dc3388e7cc6b4f5de648cae283,9818bf2fbfca93ac894d14e35d9313d4,delivered,2018-05-12 06:50:43,2018-05-12 07:15:13,2018-05-14 13:43:00,2018-05-15 17:26:48,2018-05-22 00:00:00
2e2b499ad1ed9178bdd1cdb83f3f6000,51bb4e7ac0c888104aecba5a46ec01b1,delivered,2017-09-01 10:13:27,2017-09-01 10:25:43,2017-09-04 19:36:34,2017-09-12 16:21:24,2017-09-20 00:00:00
3a85e7db76d5fc41b9dadcb1d4e7a255,b4d1b74099bada9a8d7f3d5a95883f74,delivered,2018-03-06 19:21:52,2018-03-06 19:35:29,2018-03-07 19:09:24,2018-03-20 20:02:13,2018-04-30 00:00:00
3406139dfaaeda305bd954cbaaebc2c8,a35798fafe2d365b85bc0b228b9ea6dc,delivered,2017-07-22 21:18:59,2017-07-25 03:43:52,2017-07-25 21:54:24,2017-08-14 17:53:41,2017-08-23 00:00:00
80620a1042ece99f97f3b32f50d91c79,9024933cb91293126310d7c0e3604edf,delivered,2017-10-25 21:44:49,2017-10-25 21:56:12,2017-10-26 14:38:04,2017-11-03 17:57:47,2017-11-14 00:00:00
f9fef5fa980995355cc7c22692af5289,c2806c0df394460d6f97109ffa9ff60a,delivered,2018-04-25 08:26:10,2018-04-25 08:51:56,2018-04-26 10:25:00,2018-05-14 15:32:26,2018-05-23 00:00:00
323dc5a41f87be5d3e726a2cd303e6ea,6eee01836a3f4190a21301d38f9424f1,delivered,2018-08-07 12:10:21,2018-08-07 12:24:48,2018-08-08 13:34:00,2018-08-15 19:16:41,2018-08-14 00:00:00
dda49ab2822cbc8fa455bd3f699b39c3,d30f32b756dbc49536884f962233a2ba,delivered,2017-09-23 15:28:09,2017-09-23 15:44:34,2017-09-25 16:43:10,2017-10-04 20:38:16,2017-10-24 00:00:00
22543080a0066963931832c0df11b2be,613735eeed7838276933826aa1fd5013,delivered,2018-08-11 09:43:32,2018-08-11 09:55:17,2018-08-13 12:40:00,2018-08-16 13:03:19,2018-08-29 00:00:00
7fa75bfce88c324530041cb08a3ea734,5f137a3d1d167ed6fb9e59086c9aea86,delivered,2018-04-23 01:35:32,2018-04-24 18:27:33,2018-04-23 22:51:51,2018-05-08 18:42:04,2018-05-17 00:00:00
7593a646a84237ec96579dad6d6d91bb,8df658f8c3ad9760b45cf6246f711fe2,delivered,2017-05-26 19:26:32,2017-05-26 19:42:21,2017-05-30 11:35:25,2017-06-02 11:42:17,2017-06-23 00:00:00
696428244100d1ab711bc608f832e5ef,7c4f2e603bef4befd6c7ea4c855fc817,delivered,2017-12-04 21:08:51,2017-12-05 08:30:59,2017-12-08 19:48:48,2018-01-08 14:57:58,2018-01-08 00:00:00
2c78c4a4e91fabadbe0e21df0b2d10ba,9ec085e37e00d2cb18450ddccce283e0,delivered,2017-06-07 09:59:42,2017-06-07 10:10:12,2017-06-07 15:03:27,2017-06-28 12:18:18,2017-07-11 00:00:00
910be2c3ca6942b34613e11764c42e1c,369ec282b14f6130ae496897bfcb231f,delivered,2018-05-23 22:55:00,2018-05-25 02:55:05,2018-05-28 14:09:00,2018-06-04 19:48:27,2018-06-14 00:00:00
6c9c946ae6eb5b5c312bf3b325f4e25c,d5735cd5acefcf6f5993540165c4b007,delivered,2017-11-07 22:13:33,2017-11-07 22:32:28,2017-11-08 19:58:19,2017-11-20 15:41:51,2017-11-28 00:00:00
0905da36ee109b78ec1a3c9e089148a0,e95fd5cca40cc862687dda4846f9ac00,delivered,2018-04-24 23:24:26,2018-04-24 23:35:13,2018-04-25 12:04:00,2018-05-11 20:23:45,2018-05-29 00:00:00
bd980aa838a928b56ab1e0a2bf4d7706,d407879de49d6ec3fd2d9e50b7419ce4,delivered,2018-04-29 23:33:31,2018-05-01 05:15:16,2018-05-03 10:06:00,2018-05-11 20:18:31,2018-05-24 00:00:00
b2c7ce470c3bc3cebaef61950a33f2f8,b822fa79e7e6fae9710a5cfa3655e639,delivered,2018-06-12 00:01:00,2018-06-12 09:02:08,2018-06-12 13:06:00,2018-06-21 15:08:37,2018-07-17 00:00:00
9d3086bce114e0c19770559e454cee69,7340e81f47c6ff6704d2e7b9631f9680,delivered,2017-11-24 16:56:28,2017-11-24 20:37:45,2017-11-27 18:13:06,2017-12-06 18:27:46,2017-12-19 00:00:00
45881bf836d74c8e321eb6467c8eef47,da88831d5e0390c2791ab38acd5ca5e7,delivered,2018-02-10 09:41:24,2018-02-10 09:55:29,2018-02-19 09:35:06,2018-02-28 21:34:09,2018-03-14 00:00:00
a6ecc5068e6e585b2dca3e496ba4b277,8373e304bb40cc92bef250618085d7b5,delivered,2018-07-13 16:14:24,2018-07-14 14:50:16,2018-07-16 14:58:00,2018-07-24 21:48:39,2018-07-30 00:00:00
559d6842e0a3468f1941683ca901b582,cb7e8cd5140cc150773cdc7f06bb737c,delivered,2018-03-12 22:25:18,2018-03-12 23:48:31,2018-03-15 00:03:30,2018-04-24 21:39:33,2018-04-13 00:00:00
19d4b553f5c9c51a7d58635e7f5421ba,3b89a5688ba5b8c0fed6a02db53bda76,delivered,2018-03-22 18:05:42,2018-03-22 18:27:56,2018-03-23 18:57:22,2018-04-09 17:25:40,2018-04-10 00:00:00
9a0997c7958188cc3759a1694a1954a8,9729ae176b0457bb03d974dade5f5bfa,delivered,2018-01-28 19:20:36,2018-01-28 19:33:26,2018-02-17 02:11:42,2018-03-01 17:33:53,2018-04-06 00:00:00
c7437eea29f47fbd3d4baf3f4b83c5ae,d9af086fa1436ce10917c4d0362d5939,delivered,2018-01-24 18:11:43,2018-01-24 18:18:29,2018-02-01 13:54:47,2018-02-05 15:03:42,2018-02-16 00:00:00
1617de4324c46b195f0be6e6b6fcb3fb,95e9feda7fe9e2321918c785a1557279,delivered,2018-06-22 12:56:53,2018-06-22 13:58:19,2018-06-26 07:06:00,2018-06-27 18:22:07,2018-07-05 00:00:00
1ea11b975aea60ca92fa0559184d3d34,0d1679b303ad5d2c0cb3e51bc9c9f643,delivered,2017-03-30 23:04:33,2017-03-30 23:22:38,2017-05-17 11:23:54,2017-05-20 09:32:55,2017-05-31 00:00:00
53d6886c41145775a6da5200aab4344d,df26da0c53de7583fa3ca5a8ba04ae53,delivered,2018-06-25 19:54:17,2018-06-25 20:17:52,2018-06-29 13:46:00,2018-07-02 13:08:37,2018-07-18 00:00:00
ea5b8ab951ac72f344bebd303152f748,09a0d5917164e6feca0c77b00f6c7a1c,delivered,2017-12-06 08:31:25,2017-12-06 08:51:44,2017-12-09 17:43:15,2017-12-18 18:43:36,2018-01-04 00:00:00
2d893645a0ed6af2455f026ee2bd15d1,fc40066121281a5e32c5a0403292869b,delivered,2017-12-17 19:20:00,2017-12-17 19:34:21,2017-12-18 17:19:19,2017-12-19 22:48:50,2018-01-05 00:00:00
fe2c0c8f40ab6263806c513fe424fa44,5a3c92f3f76b6d40e1899fcb3c200510,delivered,2017-11-05 18:59:55,2017-11-07 14:15:20,2017-11-08 13:36:43,2017-11-14 19:03:25,2017-11-28 00:00:00
a579c53c4adee6e93a6e48c8af61076d,f3a9dbc025b4143aa112f200912731cd,delivered,2018-02-26 08:51:17,2018-02-27 05:30:54,2018-03-02 17:28:55,2018-03-03 16:19:05,2018-03-13 00:00:00
7ea5afa01a6aed827dec68beed373ea9,f8bf759ca675f184f81ebf55846fca72,delivered,2017-11-04 13:54:18,2017-11-04 14:10:33,2017-11-07 00:48:42,2017-11-17 19:04:01,2017-12-01 00:00:00
7a1309150f5d32c660989e9fc5dbcbc4,cec0f9df31c64636ab663d68079cfb2f,delivered,2018-02-15 11:00:48,2018-02-15 11:30:27,2018-02-20 20:12:58,2018-03-19 20:03:38,2018-03-19 00:00:00
79ec99878595baada166992ed3b31ff9,29b42125bebd7816a4dcdb2895289de2,delivered,2018-02-22 15:37:51,2018-02-22 15:50:48,2018-02-27 21:24:56,2018-04-17 22:42:51,2018-03-21 00:00:00
d2af9f29f103214f951dfb33055b8bd6,fb0edfd91a3428e0a85309d90a59f2d7,delivered,2018-05-21 22:48:51,2018-05-22 02:15:42,2018-05-22 13:22:00,2018-06-05 19:42:39,2018-06-11 00:00:00
cd746ffbf9ea117c1706f37c61f73621,a6e47b0794b9bda3bbd7a62d975932a8,delivered,2018-04-06 12:44:50,2018-04-07 02:50:27,2018-04-09 19:38:34,2018-04-18 20:22:25,2018-05-08 00:00:00
cba0deb7b7e121a54760408a83ecc42c,3d28d14c658443737fdd829791fa639a,invoiced,2018-08-06 15:03:43,2018-08-06 15:15:26,,,2018-08-10 00:00:00
d7f7f7e7d5d70c736d9d3f8b9ce10e94,0a8f58005f1c1dc229442a9ab38d9f68,delivered,2017-11-13 23:30:09,2017-11-15 02:35:54,2017-11-17 19:08:56,2017-11-30 00:22:35,2017-12-13 00:00:00
1fc6f36a09a4afd9024b0cf47d52924e,7257af5a464fdcac46d918d3e0d547ed,delivered,2018-07-25 04:46:10,2018-07-25 05:24:16,2018-07-25 09:23:00,2018-07-31 23:06:40,2018-08-17 00:00:00
69141ed42ca63dfb205e837853313f13,5319964bd13d9e450e93061daafc6841,delivered,2018-06-15 15:55:16,2018-06-15 16:19:32,2018-06-19 13:40:00,2018-06-28 20:08:37,2018-07-16 00:00:00
47d62434b47743d5c247a683f40fe56c,7be5a334c8077a07be8f4255cb76ebf4,delivered,2017-09-07 14:51:57,2017-09-07 15:10:23,2017-09-08 18:45:43,2017-09-26 17:26:59,2017-10-13 00:00:00
504a512b08ad37f84e4d9b8de998f821,884775ad2d9c90f742bb0deab470e6fa,delivered,2018-07-17 17:13:40,2018-07-18 03:01:49,2018-07-24 14:14:00,2018-07-25 11:18:31,2018-07-27 00:00:00
342eb2ed8a3ee22f8d57f5ebcc5a4878,9a4e8baf114d19db444cbef9711f9536,delivered,2017-06-03 09:55:23,2017-06-03 10:05:14,2017-06-08 09:45:35,2017-06-29 14:41:44,2017-07-10 00:00:00
86a1ec30055c8fdb9e4bcfec9f15705d,cb6e4f240437a7f5982925cfac3b9684,delivered,2018-03-14 21:00:14,2018-03-14 21:10:28,2018-03-15 17:50:27,2018-03-28 19:20:44,2018-04-02 00:00:00
7967a55eee7cbaad515789b6f912a283,872816602300f835e0c15f90458e4f02,delivered,2018-01-25 01:45:58,2018-01-25 01:56:47,2018-02-02 19:59:14,2018-02-15 17:52:10,2018-03-02 00:00:00
8e62788b1e26aaa3f5786c80788880e7,f653c60411d7c29ee2524922d2f5e39d,delivered,2017-04-04 10:34:49,2017-04-04 10:45:12,2017-04-12 07:58:37,2017-04-19 13:37:24,2017-05-08 00:00:00
2780526e7e2cab327faf72d4ed3d2b5d,56add768549d86b62ee58bdc77832ea0,delivered,2017-11-29 14:57:33,2017-12-01 14:54:26,2017-12-01 22:34:20,2017-12-11 16:39:16,2017-12-27 00:00:00
7de45d1340279aa6e3847ffa7bb235a6,9d69e5f040338b1a1ecbaa9ed6091454,delivered,2017-09-08 13:16:15,2017-09-09 06:34:35,2017-09-12 15:22:19,2017-09-25 14:04:18,2017-10-16 00:00:00
fc3d87913825143fa41c48e40267c47a,257a6b66d3f2d3d5512de0b7ca852fb9,delivered,2018-01-31 14:00:36,2018-01-31 14:15:23,2018-01-31 22:59:52,2018-02-05 23:09:14,2018-02-23 00:00:00
9a31fd9d697e9670777501f720773fd9,c0a4ca941f313300f1694f4ab73b3651,unavailable,2018-02-15 19:40:00,2018-02-17 03:47:14,,,2018-03-23 00:00:00
f9f7f1e70523c75e60755a32756b264a,6a413c25bfb3eedcf283c7f1c7184e1a,delivered,2018-01-16 21:49:11,2018-01-16 21:58:38,2018-01-18 22:28:37,2018-01-27 09:52:03,2018-02-08 00:00:00
9a1be11e9a732a340c3bec3b390debeb,fe183c5b40e3f8c97a4a5eda7392de2e,delivered,2018-07-03 11:39:10,2018-07-05 16:07:17,2018-07-04 08:41:00,2018-07-09 23:16:49,2018-07-25 00:00:00
c10dafc6c705859588b0d1e62a49ddba,f0e434e9cf3e503c26360844e2040253,delivered,2018-05-21 13:46:52,2018-05-21 16:14:41,2018-05-22 13:36:00,2018-06-08 20:14:42,2018-06-13 00:00:00
94779a352003cbec1931fe5d7b041f7e,8388b9f092f21ae7a771509fade39ba5,delivered,2018-07-21 21:55:29,2018-07-21 22:10:12,2018-07-23 12:48:00,2018-07-26 20:26:46,2018-08-09 00:00:00
76153bb37ce5c7c61ce83908366dc5f4,ad2f508b776948752cf4d526001bc90c,delivered,2018-05-04 16:43:30,2018-05-08 04:14:47,2018-05-10 14:25:00,2018-05-21 15:24:37,2018-06-04 00:00:00
5bd293c86326611e6604399e535f1b2b,de270dbea5d94e6436d844565b1c52aa,shipped,2018-06-18 21:09:41,2018-06-19 21:18:40,2018-06-20 14:47:00,,2018-07-19 00:00:00
97445d49acef660b9217b07d0fc1ce3a,86dc0008c3bf5f3509d99992746a98ee,delivered,2018-07-30 18:56:07,2018-07-30 20:20:24,2018-07-31 16:08:00,2018-08-07 16:36:55,2018-08-27 00:00:00
ffc49b9c9d666410e9ecdb0a3efadb9c,e175dcb4b025365a33467693abf7b4ca,delivered,2018-05-28 19:29:49,2018-05-28 19:56:23,2018-05-29 14:04:00,2018-06-12 18:57:37,2018-07-11 00:00:00
ff3024474be86400847879103757d1fd,945c975073e57fe39a636afbf6689bcc,delivered,2017-11-11 15:18:16,2017-11-14 03:55:39,2017-11-22 12:46:32,2017-11-28 18:00:22,2017-11-27 00:00:00
275e4e88329d7a94af4043495a8a1047,accc74ec6e22e46c2685fa8dc84b4335,delivered,2018-05-16 21:19:03,2018-05-16 21:36:09,2018-05-17 15:06:00,2018-06-04 16:12:31,2018-06-18 00:00:00
6fc43344397e467b002e0255391ffc12,bd394e7a5c0a3aa178be002bec55877c,delivered,2018-03-05 15:22:00,2018-03-05 15:35:36,2018-03-08 01:38:35,2018-04-03 19:30:50,2018-03-23 00:00:00
64065ff7503353586b3dacf9aec56ae7,954e58351016ce296c9b714dad1c5d76,delivered,2018-01-06 20:38:07,2018-01-06 20:48:21,2018-01-10 18:37:21,2018-01-18 11:56:56,2018-02-09 00:00:00
50a2d9e8f28f577acd594ba29d58eced,cbc57689231f7033b69a4ddbfb2019c0,delivered,2018-05-21 22:40:43,2018-05-22 01:53:38,2018-05-22 11:56:00,2018-06-06 16:08:47,2018-06-14 00:00:00
3cee24433e03d9b70b40bb36fb37cc52,e864187b27681ed48c419ce4668ea1e0,delivered,2017-11-25 19:57:19,2017-11-25 20:11:22,2017-11-29 21:34:45,2017-12-17 15:36:48,2017-12-26 00:00:00
8097f05ad65d38ba708d437f60ad6581,16ad5865a7312961bef41888610a109e,delivered,2018-04-03 22:59:48,2018-04-03 23:10:13,2018-04-04 18:22:37,2018-04-10 19:17:48,2018-04-24 00:00:00
985a31fe34d1b11e3ba6fb850c1803b3,3fa2f965d8c9e53dfdc0e65fe81846bc,delivered,2018-02-20 18:27:09,2018-02-22 11:31:52,2018-02-27 17:39:50,2018-03-08 23:40:51,2018-03-15 00:00:00
15261e1a4e2be405c49fb08d7e07773c,944ad7299db6b270609f52b1114ec87b,delivered,2017-11-24 19:51:55,2017-11-24 22:59:11,2017-11-29 23:04:05,2017-12-05 17:52:09,2017-12-19 00:00:00
47106d9b98c54756baa304fa0f9c36f0,bf77f570c34b1a6960353879d4ba4414,delivered,2018-03-24 16:08:31,2018-03-27 04:08:42,2018-04-03 20:35:24,2018-04-09 22:44:49,2018-04-13 00:00:00
b2e30468e2617cbbfd33f48dea08e31a,58b6f835fd008037b8161b24b9d346ef,delivered,2018-03-30 21:19:04,2018-03-30 22:07:34,2018-04-02 18:35:32,2018-04-04 23:05:45,2018-04-12 00:00:00
121570884a708ffcfe5e2b083ed54d88,32d35c0b929d83bfb1b11e5a7f80bc29,delivered,2017-07-13 12:48:44,2017-07-14 02:15:41,2017-07-14 18:44:24,2017-07-20 16:35:44,2017-08-04 00:00:00
62e5680786ab7eb90e8129db68366952,5c237eccb69f035f2640e0f3af060c53,delivered,2018-05-01 13:58:43,2018-05-01 15:12:21,2018-05-03 16:45:00,2018-05-11 19:32:56,2018-05-28 00:00:00
6563b375a3fad2d240225b16ee246f68,698b25aa11b2faee7c690a4b5f865730,delivered,2018-08-07 15:10:27,2018-08-07 15:25:05,2018-08-08 14:22:00,2018-08-13 17:26:48,2018-09-21 00:00:00
6942e86d33b375b95195dda92c2f603d,d6cdfeca7b382005c0afaff5ee4c24cd,delivered,2018-03-24 18:25:24,2018-03-24 18:47:11,2018-03-27 19:50:41,2018-04-09 22:51:32,2018-04-26 00:00:00
bffcc9542fded0634d8f15fed3c24b86,f544d0bb140c7e5fdd11cb593b6a000c,delivered,2018-02-04 14:51:57,2018-02-04 15:10:22,2018-02-07 23:37:07,2018-02-22 17:12:34,2018-03-08 00:00:00
08c839f6091875ffd1a1d876dd48de40,65a2393f12fc8796f152eef39d25fa4b,delivered,2018-02-16 10:31:45,2018-02-16 10:50:24,2018-02-16 21:36:47,2018-02-22 01:29:09,2018-03-05 00:00:00
44a03ff139461361ec4cce7949663c2f,d1bfcf16e4d5966d1892538e5b3d7c1d,delivered,2018-05-23 16:58:37,2018-05-23 17:16:46,2018-05-25 11:13:00,2018-06-04 12:14:43,2018-06-08 00:00:00
97bbec866dd969e84e907130cbb2fac9,0d367d7f8df89442fd5fe0e74d3e26d7,delivered,2017-09-04 22:51:48,2017-09-04 23:03:59,2017-09-06 21:33:44,2017-09-21 17:28:08,2017-09-27 00:00:00
c5ef3528eb12fb5bef1ecfcd6f72843c,ae6a7336a0d9c66679da191b5bd246a6,delivered,2018-02-17 01:25:38,2018-02-17 02:07:42,2018-02-23 00:39:02,2018-03-07 22:36:45,2018-03-15 00:00:00
1e738ef9fa41ecf83ae9f37a89591620,372a5dc5cb0717a9e9eb801e085f4154,delivered,2017-09-03 22:18:34,2017-09-03 22:30:18,2017-09-04 23:09:57,2017-09-07 00:43:57,2017-09-15 00:00:00
ed530e8c3450732950ed6d49e2cf20eb,ff774d667d8f3f8fe0bdd578e8d0a85f,delivered,2017-11-26 22:09:58,2017-11-26 22:33:30,2017-11-29 17:42:18,2017-12-13 15:36:51,2017-12-15 00:00:00
07fbc4f433fc8754c492bc6dfb0b1c52,6a562d22d4e2ce223ae7ad8bfd834ab0,delivered,2017-07-05 08:49:56,2017-07-05 17:41:46,2017-07-06 16:48:47,2017-07-25 19:42:50,2017-07-27 00:00:00
e3650ea29ce4ca131ce317a0f291fd56,45e93cba18418238127f585180e2b0e4,delivered,2018-07-12 15:16:10,2018-07-13 13:30:13,2018-07-13 14:50:00,2018-07-23 13:18:39,2018-08-01 00:00:00
fa22f5f8711934f18364448592c96099,39baadc8a03599bc0b1463d5e5e5f4e1,delivered,2017-10-25 06:08:50,2017-10-25 06:49:17,2017-10-25 16:20:01,2017-11-07 22:41:12,2017-11-22 00:00:00
7305de8d799425df87d0f0c07d7ca63d,2f28f35b1daac701a19117b36b98c634,delivered,2018-01-25 19:47:09,2018-01-25 19:58:27,2018-01-26 21:09:35,2018-02-06 19:33:16,2018-02-20 00:00:00
01c2d2ffe8349c5eef0ab33e8ff1f41c,d57dc4003cdf3d2229ca20d76b889075,delivered,2017-10-10 09:49:31,2017-10-10 10:06:09,2017-10-16 16:25:42,2017-11-07 14:43:08,2017-11-10 00:00:00
69379af9891c9ba98d3262eb100ea809,d788b6fd55fac4cb266bb00e519c4b87,delivered,2018-03-10 11:24:11,2018-03-13 03:55:35,2018-03-14 22:58:42,2018-04-03 01:51:12,2018-03-28 00:00:00
f205c6826655efc71379acaa53d3b83b,25033515ca54549ab33a66e549c6f2de,processing,2017-09-29 00:54:27,2017-09-29 01:07:07,,,2017-11-10 00:00:00
ba75b10a16e530cca75088408909b325,fe7374607781a49ec88f4f6e274f5ee5,delivered,2017-12-02 15:06:45,2017-12-02 15:17:21,2017-12-04 20:42:19,2017-12-18 19:43:49,2017-12-28 00:00:00
4f8a2144278d625038f8d55d5a334d93,24e1a42b856457e1d82e583454007f41,delivered,2018-03-02 12:26:22,2018-03-03 02:35:37,2018-03-06 20:24:30,2018-03-15 23:58:43,2018-03-26 00:00:00
e8f5f9fb65db20f08e707adec28407c9,784901d3f22212ba0ea67576d2c41ffd,delivered,2018-06-24 20:08:48,2018-06-25 10:55:35,2018-06-28 14:47:00,2018-07-05 22:04:55,2018-07-27 00:00:00
0403bed7b44fb735b6af72505c57fdd3,1ae3d1ac4e9f72126d07ba9dff0c3762,delivered,2017-07-17 22:37:39,2017-07-19 04:32:55,2017-07-21 14:22:33,2017-07-26 20:57:28,2017-08-04 00:00:00
66cd3a1c2edd13d9da86b50aca9e3d32,1a72bada5214567decd50b77bfaa22b6,delivered,2017-02-07 15:29:07,2017-02-08 03:10:26,2017-02-09 05:51:44,2017-04-04 14:34:55,2017-03-08 00:00:00
b96cb3fd98ba13f5a573fc64dfe1ee10,ed4a44ab55a35b95b8e0b30e84c24422,delivered,2017-05-25 22:18:31,2017-05-26 22:25:15,2017-05-29 08:10:28,2017-06-06 13:31:41,2017-07-03 00:00:00
954d00ca20db56e3fefe0b6a57267ee0,80cf670a331be31a70e4c0ea3cf582b7,delivered,2017-11-13 16:07:40,2017-11-14 04:15:37,2017-11-17 21:32:26,2017-12-04 19:04:08,2017-12-01 00:00:00
b36ad36000bcccc8dbefea10204348d5,e49d1a4205d4d9743f4199900f411c71,delivered,2018-01-16 15:07:24,2018-01-16 15:19:31,2018-01-23 10:52:32,2018-02-15 23:29:16,2018-02-20 00:00:00
7eae91392531d2ea7d65b484173ea85b,76ada7e74088798d5ca6a6d90bb2aa74,delivered,2018-08-23 11:29:01,2018-08-24 03:24:22,2018-08-24 13:49:00,2018-08-30 21:29:46,2018-09-14 00:00:00
067ce97888318cd8d89a45bcb4adc94b,93a9213a3f26b087500abb8186f71703,delivered,2017-10-10 17:41:27,2017-10-10 17:56:27,2017-10-13 14:10:11,2017-10-20 20:53:37,2017-11-10 00:00:00
d51543bdc3d7f733b7637ebf031f6565,d5a188588f28fb4843c19c521c3e197c,delivered,2017-02-01 17:01:32,2017-02-03 03:55:32,2017-02-03 08:39:08,2017-02-16 03:58:06,2017-02-28 00:00:00
4f04cf5f96101782fbd1b6cf9ec942ea,42262967d28e564f7c9f5cc3bd304d38,delivered,2017-07-04 20:12:16,2017-07-05 17:42:45,2017-07-12 14:09:52,2017-07-17 21:41:21,2017-08-01 00:00:00
188c1ef63c6dd2e06120da3ca750e86c,70ff49e52ebaa8716e656957b23cec33,delivered,2017-09-29 10:07:19,2017-09-29 10:28:37,2017-10-02 17:15:56,2017-10-10 18:42:41,2017-10-25 00:00:00
abda295410da87e6ac0742ce5abbbb9b,8d8e6f619006962166b6137961a772e4,delivered,2018-06-23 16:40:42,2018-06-23 16:59:01,2018-06-27 10:46:00,2018-06-28 23:46:29,2018-07-13 00:00:00
c0585e6e7446a97905280a732d27ac4a,01d444480a8e7ed180b6c5cb5993a273,delivered,2017-11-06 14:28:57,2017-11-06 22:36:34,2017-11-07 18:41:22,2017-11-09 18:02:31,2017-11-21 00:00:00
1a7af25ac2d2bf35b05f8f87c050a6d5,feac68487f7ac58b65ecc8e6b4a12e85,delivered,2017-04-03 11:09:58,2017-04-03 11:22:26,2017-04-05 15:33:12,2017-04-07 12:32:59,2017-05-02 00:00:00
3cf7d2f50fc31d36d208c46a30855d22,f5b9a71412eaea204331a7c367bcd07a,delivered,2017-12-20 15:39:27,2017-12-22 02:39:28,2017-12-22 23:17:06,2018-01-03 21:13:01,2018-01-23 00:00:00
833a4b8d632d2fd653e167e06b2fe201,9f69f630dd0e9dbe888ef8bec7d76c97,delivered,2018-02-27 23:58:20,2018-02-28 00:15:43,2018-02-28 19:37:05,2018-03-14 16:54:41,2018-03-27 00:00:00
f1fbfebcfeaeedc9470bfb15f569dbea,a8d7d756a888b0382a2d3881b870a1ae,delivered,2017-06-07 20:21:54,2017-06-07 20:30:20,2017-06-09 16:35:56,2017-06-16 15:42:03,2017-06-28 00:00:00
4381fa4ba1b423dcee980233d6b29d76,161d5918318f43d8a835ef606e0e5ba4,delivered,2017-02-04 19:01:27,2017-02-04 19:15:23,2017-02-07 08:53:53,2017-02-21 14:56:38,2017-03-15 00:00:00
58c72979aacbc053822e7cc69c316ca4,96e6c1b892d8423c7a4aa04cab44cb05,delivered,2018-03-04 19:51:59,2018-03-04 20:09:37,2018-03-06 00:05:32,2018-03-19 21:26:55,2018-03-21 00:00:00
a30cba7093267abeb0f8489d5c16c7af,46c6a82294d359a290ff408b11cbb643,delivered,2017-03-21 09:21:54,2017-03-21 09:21:54,2017-03-21 10:38:43,2017-03-27 13:56:19,2017-04-11 00:00:00
10cba569b211fc1a21ffeb58e821b038,fad8d229ff3512c069a5b776952e9cd4,delivered,2017-11-26 20:44:04,2017-11-26 20:54:54,2017-11-28 17:41:43,2017-11-29 21:28:41,2017-12-11 00:00:00
f975710202a96794f2b466c4dbea49e0,c2c4769b2b0b100fd323054e505d1836,delivered,2018-08-15 23:01:42,2018-08-15 23:15:16,2018-08-17 13:52:00,2018-08-27 20:22:03,2018-09-11 00:00:00
121c021cac6c38526b5867627eadcb0c,db6121751fb4132346cdcd62d3761641,delivered,2018-04-27 19:29:18,2018-04-27 19:52:08,2018-04-30 16:36:00,2018-05-07 20:03:32,2018-05-25 00:00:00
8a3d4b5cd5e2602d148ea8f0d12f0512,cc2442429887bd07a42a7481aa55efb6,delivered,2018-07-27 09:19:51,2018-07-27 09:31:19,2018-07-31 14:27:00,2018-08-07 18:08:38,2018-08-14 00:00:00
bfa2d90f225e338dc4f848b58789a3e5,ab3b5999d3734808f5045e52702b8117,delivered,2017-09-26 19:38:18,2017-09-26 19:49:16,2017-09-28 17:43:41,2017-10-02 18:10:28,2017-10-23 00:00:00
09cd0ef00759c25af3a62b31366074bb,aa5e341090958e5111abe3ba75bcfe87,delivered,2018-03-16 08:37:00,2018-03-16 09:07:15,2018-03-21 21:48:48,2018-04-24 15:52:57,2018-04-16 00:00:00
709efe7f1c274357d00b90efa060027c,0b5847467fff3d3f1361491567e6a84f,delivered,2017-05-17 09:44:29,2017-05-17 09:55:19,2017-05-17 10:12:15,2017-05-23 15:05:44,2017-06-08 00:00:00
4d9fde0f41ed6d10cf0353449abf49aa,1ed0b85dac00765f5ada1d0b4d672f4a,delivered,2018-02-11 03:03:18,2018-02-11 04:29:19,2018-02-14 18:43:01,2018-02-22 22:45:14,2018-03-07 00:00:00
c9db1bfe07af2c4724a461a704c1ec67,9f8afaa4902b9196098e0c341bbe683a,canceled,2018-07-30 16:52:00,2018-07-30 19:31:37,,,2018-08-10 00:00:00
4886bdc3d38b4558a42cca69e30e0808,e445db8f5537b28f85a980838e51d122,delivered,2017-05-17 18:03:00,2017-05-17 18:15:11,2017-05-24 14:43:03,2017-05-25 09:06:02,2017-06-01 00:00:00
63ed630173e589bf5897cc6eca5aa66d,90944df5064abca8c0580acfa5476fda,delivered,2018-06-03 20:18:57,2018-06-03 20:35:14,2018-06-05 10:15:00,2018-06-16 15:03:10,2018-07-13 00:00:00
d8be9ae1b47e841991f6985619f70ddb,c511befcf798066fca8ef14738aa0468,delivered,2018-04-01 23:37:16,2018-04-01 23:50:20,2018-04-04 12:33:00,2018-04-16 20:14:36,2018-05-21 00:00:00
45381c01fd8a0e60c741a9cf4736ebbb,42de47849d20da22e217b9a5e1de1584,delivered,2018-07-24 20:48:52,2018-07-24 21:04:15,2018-07-30 14:45:00,2018-08-10 19:38:27,2018-08-14 00:00:00
4e9d991478ce9d386648f6dd85475b6c,24db1335c37a942bbb41f129d265ae51,delivered,2018-07-31 10:32:59,2018-07-31 11:04:44,2018-07-31 11:36:00,2018-08-10 21:05:28,2018-08-28 00:00:00
56c3277583e16009c925fdf116df420f,c3d06eb8905fc0c39966b0a57ee7244c,delivered,2017-11-29 19:13:45,2017-12-01 11:31:46,2017-12-04 22:54:53,2017-12-06 20:09:43,2017-12-21 00:00:00
74d91ba3a172d733579d4b1b56c9c3e9,97197eaa11a1e7a2cbefb2839ed58cc0,delivered,2018-06-29 20:18:33,2018-06-30 20:15:13,2018-07-02 14:56:00,2018-07-05 18:22:35,2018-07-17 00:00:00
3d6809371021cc510de4743748a1c235,14124d6de373e10e52cd6a9151cd0ba1,delivered,2018-07-18 14:02:17,2018-07-18 14:10:20,2018-07-19 13:35:00,2018-08-01 19:58:40,2018-08-02 00:00:00
39454163ea6db630f644e723c00f7da3,570d9467ffdbc98825c03a008f823d27,delivered,2018-07-03 15:02:54,2018-07-05 16:05:14,2018-07-06 10:36:00,2018-07-07 14:48:41,2018-07-16 00:00:00
32ab3bc68fa79c6d5d0066af3b91932f,e0b6283985b18424517750906ee61c2c,delivered,2017-12-04 15:29:45,2017-12-04 17:23:14,2017-12-05 17:45:27,2017-12-11 21:53:36,2017-12-28 00:00:00
e13c8ddd0d03ac5525c6b54d0442e9a5,0fd965d968903f6f1179bfa430d667ae,delivered,2017-08-29 11:11:36,2017-08-29 11:28:11,2017-09-13 18:53:36,2017-09-18 20:23:52,2017-09-15 00:00:00
f58228001d45c09c8447ef1f2fa6a2df,2169bbd3d372562128f8af6eb7b9317e,delivered,2018-01-17 14:09:31,2018-01-17 14:15:31,2018-01-20 00:52:42,2018-01-26 10:47:54,2018-02-23 00:00:00
f4784cc10b71c854627d55e0f3999ed0,69cf60bf94b939bbffdc94c48bc166ae,delivered,2018-04-01 17:53:49,2018-04-01 18:35:14,2018-04-09 16:15:35,2018-04-10 17:27:23,2018-04-12 00:00:00
521061459524ada27c911dfdc0059314,0c03fefc7ed9571281380ababffe4e6a,delivered,2018-07-09 18:13:38,2018-07-09 18:25:18,2018-07-11 10:23:00,2018-07-13 19:38:47,2018-07-18 00:00:00
b5781a5976dad5a78067d528713ef47e,daa2305279978c8d98ad9b317c9a9965,delivered,2017-10-21 15:40:00,2017-10-21 15:49:35,2017-10-23 20:04:06,2017-10-31 20:22:04,2017-11-17 00:00:00
cbe61fc846838bb8eae2e56a9b72c2b8,20fa4475b86a9837d5df79c3d70b4188,delivered,2018-01-05 14:58:55,2018-01-05 16:32:07,2018-01-05 23:25:33,2018-01-14 16:03:33,2018-02-05 00:00:00
3da325c94229aafd1a3a8e17e8487fd0,43add858d3ace93c297c7b5843b8ec70,delivered,2018-02-20 09:18:56,2018-02-20 09:30:33,2018-03-02 00:42:31,2018-03-06 18:46:50,2018-03-06 00:00:00
fd28a6dfe413804d0b89b7c9abf5b1f3,e9598233464134a7e482b5d7b3b6377d,delivered,2018-06-19 13:09:39,2018-06-19 13:37:44,2018-06-19 19:02:00,2018-06-20 13:52:47,2018-07-04 00:00:00
2c9f9957886293ce9bc43dee12fa1adb,86bff62b6eccfcbdeb17ed3cdf4a9ef0,delivered,2018-02-24 12:23:21,2018-02-24 12:35:34,2018-03-01 01:48:45,2018-03-07 23:26:48,2018-03-20 00:00:00
fa630bc4aa5f6aa35485ddc68bb56edb,78003bdedb0e24f82a2027221622ed27,delivered,2018-08-22 18:20:05,2018-08-22 18:30:15,2018-08-23 15:45:00,2018-08-29 00:09:38,2018-08-30 00:00:00
b847874716fdb4908836e6300292db03,d49f34488544f5673224c7b359f4a17a,delivered,2017-08-13 17:50:46,2017-08-13 18:04:06,2017-08-14 20:56:31,2017-09-05 20:02:37,2017-09-18 00:00:00
bc5cea9719955b2337f23a87db809566,d605f9f01f069c8665dba62d0d8de501,delivered,2017-11-12 17:39:03,2017-11-14 10:27:40,2017-11-16 18:43:46,2017-11-24 18:52:56,2017-12-04 00:00:00
b6403787453855be6332055dc2d6bde9,219bdcd9e62deb3224eb3a2963b89c0a,delivered,2017-12-13 15:22:11,2017-12-19 10:31:29,2017-12-20 21:22:07,2017-12-27 21:38:40,2018-01-15 00:00:00
c503f01e35a4c24abaa34ddaa0c2b3ff,2580fc1a44544123dace69c650eb0f55,delivered,2017-07-28 09:31:59,2017-07-28 09:45:08,2017-07-28 19:58:40,2017-08-08 14:53:42,2017-08-23 00:00:00
29cb6a71f2aefea7831e8dc7c7afb690,75348460d695e3d699f56ecaeffc36fe,delivered,2017-04-27 09:49:23,2017-04-27 10:03:07,2017-04-27 14:50:20,2017-05-07 14:32:50,2017-05-25 00:00:00
db594d5ffa3060a8a682a7057a904f29,5bef4f44ca94736a626361ecd6066230,delivered,2017-11-24 01:55:03,2017-11-24 02:10:00,2018-01-03 18:37:51,2018-01-08 18:17:40,2017-12-14 00:00:00
875103fb38582b0d7b2a1d77eceb0389,095b82d21d430fac87eb3f2ff2490749,delivered,2017-08-09 23:34:46,2017-08-11 04:26:12,2017-08-14 14:14:12,2017-08-15 16:58:07,2017-08-23 00:00:00
9cdcfc512d810430e601a06d02c4548b,d2a307d92e456ada14150c970f469652,delivered,2017-08-23 11:00:34,2017-08-23 11:10:22,2017-08-23 20:56:36,2017-08-24 15:43:58,2017-09-05 00:00:00
d240d33f0dcf05513f86b7846c4db05c,0303e5527d4342ac7939d2bfc0f9f9e2,delivered,2017-12-06 12:33:21,2017-12-07 03:16:38,2017-12-09 15:37:06,2017-12-20 19:13:42,2018-01-09 00:00:00
9f6833a99cc6d2bc31cce30fd2f58aa6,08b7ead7979bc70d24c137cfc578f932,delivered,2018-04-18 09:40:34,2018-04-18 09:51:47,2018-04-23 19:48:09,2018-04-26 20:08:34,2018-05-11 00:00:00
6125b8598105f92aeac157727ff3bfc4,24e437d5b5e5b3315295ffe2fe9ac376,delivered,2017-11-23 21:57:53,2017-11-23 22:13:34,2017-11-30 18:37:30,2017-12-05 15:17:43,2017-12-28 00:00:00
517ff48f259d8b8c702398a25cbd5450,e0e03fe00173d2b18a04139a45acce13,delivered,2017-06-18 09:58:41,2017-06-18 10:10:16,2017-06-19 15:27:57,2017-07-05 16:05:13,2017-07-11 00:00:00
1006246e3feed80b0a2f83d8364240f7,27ef94da5dd900952d450780482a9df5,delivered,2017-04-08 11:46:53,2017-04-08 12:32:54,2017-04-11 16:33:20,2017-04-18 08:22:52,2017-05-17 00:00:00
73fef4e3ee8931c3e71fd76d01433bf3,d30240349203d309f2d1c1db24c9d9a5,delivered,2017-07-06 18:58:56,2017-07-07 02:55:26,2017-07-07 17:25:54,2017-07-18 19:12:58,2017-07-26 00:00:00
c8da096eda1ac468af162c20d2621512,9efa7053d9ef72088e2750da1f3fc79a,delivered,2017-09-20 12:37:35,2017-09-20 12:50:22,2017-09-20 18:31:53,2017-09-21 17:48:17,2017-10-05 00:00:00
0f2feb76d52c8e1be73daf8769a393e8,c849d0ca6e024f4f72ea8eace58ee21d,delivered,2018-01-18 22:28:13,2018-01-18 22:39:20,2018-01-19 21:51:49,2018-01-25 17:35:22,2018-02-19 00:00:00
e29968d0d7fad6eb512591f25eca27dc,b0ab7fd9a303d4cc6e6efd2eb326ad0c,delivered,2018-06-06 20:19:46,2018-06-06 20:35:11,2018-06-15 15:20:00,2018-07-01 20:38:24,2018-07-13 00:00:00
6d234dea658ce0c00f91e931cb11f93c,ce80c46eb733623b83a7458b918ca30c,delivered,2017-01-15 15:52:04,2017-01-17 03:10:11,2017-01-17 15:10:16,2017-01-26 12:45:50,2017-02-24 00:00:00
9e9388221b25d449765ae3b8b908c4dd,4582ea811933e676acb76d67d4805f76,delivered,2018-08-13 22:15:32,2018-08-15 14:10:19,2018-08-16 14:57:00,2018-08-17 20:41:38,2018-08-23 00:00:00
43fa6811f75be13f1033939f5a6b9ca1,bb36d8c5b34d858d183645a3a52e3f2b,delivered,2018-06-26 17:51:47,2018-06-26 18:18:28,2018-07-04 14:48:00,2018-07-13 11:33:51,2018-07-31 00:00:00
1df599f6c4bc10fe5cbfd2ae1ade43fc,a33cf67d34f636add92fbd8aaacb5fe8,delivered,2017-11-26 23:17:07,2017-11-26 23:33:22,2017-11-30 22:44:55,2017-12-05 19:28:49,2017-12-12 00:00:00
e55650ed198645300501994955043aef,a1f313b024c7909e99246bf7f4e3e7a4,delivered,2018-04-24 20:55:50,2018-04-24 21:13:00,2018-04-26 07:03:00,2018-05-21 18:28:51,2018-05-21 00:00:00
d8cdb1ec6e73dc6a9fcf2b7700afaf3c,fcb2ef0d55a8f60738b15012aab22da7,delivered,2018-03-18 19:56:52,2018-03-18 20:10:31,2018-03-20 15:54:56,2018-04-05 23:36:33,2018-04-06 00:00:00
0da30436a667e82020c86b5da53c0b21,173dc820ddfe9158a405a66f49c6b016,delivered,2017-10-02 13:26:57,2017-10-02 13:49:17,2017-10-05 15:52:40,2017-10-16 23:37:27,2017-10-27 00:00:00
c15509fbb2f63d140e9f78220c6163e6,805dd3f5ae20e13e154b376a706f3541,delivered,2017-12-01 11:01:09,2017-12-01 11:31:54,2017-12-04 16:08:58,2017-12-11 18:09:58,2017-12-29 00:00:00
f06059b8f4dc49c4f76378b7715a63b0,65f1b4bd7d1fdc72609cf60263022c98,delivered,2017-11-03 00:16:32,2017-11-03 00:30:40,2017-11-08 21:32:37,2017-11-16 16:29:10,2017-11-16 00:00:00
66cee61c0f071d6ed238ba9d17e5b785,6ab131454ebd00d6171fc1e8e3fdcb6c,delivered,2018-01-24 12:42:15,2018-01-25 02:57:40,2018-01-29 21:05:17,2018-02-20 18:39:00,2018-03-02 00:00:00
380d50b5c05704dbe91b19b8003ea60b,a22b289372fa843cd698a5a641452436,delivered,2018-01-13 21:33:27,2018-01-13 21:49:18,2018-01-18 12:26:42,2018-01-24 16:13:42,2018-02-07 00:00:00
d65c4249ab7af6bab389533d3e320eb4,0b6d8536d3e0a2b1b73fad9f2c7179d5,delivered,2018-05-24 15:40:38,2018-05-24 15:53:49,2018-05-25 14:03:00,2018-06-04 19:38:37,2018-06-19 00:00:00
13359bb817972f7492a922fa64a69cad,4934ff805b3b425278a6bf155a28dce0,delivered,2018-07-21 10:02:27,2018-07-21 10:15:22,2018-07-23 15:07:00,2018-07-26 17:12:41,2018-08-09 00:00:00
8914de0f43ff7668bb9b82fd774629ef,e59277b168390718b57dd1f0fdbd6306,delivered,2017-10-10 15:57:19,2017-10-10 16:08:52,2017-10-13 21:36:53,2017-10-18 15:56:15,2017-11-03 00:00:00
064eacf6619a7203b06b7187bf3a3779,1731604d6fcd6fd6dbc0e2e12d552ddb,delivered,2018-01-03 18:07:35,2018-01-03 18:17:30,2018-01-05 18:17:58,2018-01-16 16:35:03,2018-02-02 00:00:00
543e16341e28ed8a88ab9c1f77e48b07,daf74012e80df98bd7589a26389a44e7,delivered,2018-03-05 14:27:58,2018-03-05 15:00:21,2018-03-05 23:53:23,2018-03-16 22:03:42,2018-03-21 00:00:00
1df7ded3518147b95eababb6620f007c,f4e4f02c3647142fb9d59c3871691656,delivered,2017-08-13 11:49:43,2017-08-13 12:03:44,2017-08-16 15:20:03,2017-08-22 21:28:33,2017-09-08 00:00:00
5355cd279109f53086e889f05ff7d62d,ebcbc52ac10f080c45481fc62ffb367f,delivered,2017-09-14 21:09:30,2017-09-14 21:24:49,2017-09-15 17:37:45,2017-09-25 12:35:50,2017-10-10 00:00:00
d4483d3fe5bb19cb4dcfe5d9a0bd4604,a4006adf432fbcb1718231ca5a5ca743,delivered,2018-07-28 13:12:23,2018-07-28 13:44:35,2018-07-30 15:11:00,2018-08-02 21:46:43,2018-08-09 00:00:00
334ea0d577d6491e3b5ea4b5fdc76a75,d601733cfaccb4f1424e8db9bfc2fef4,delivered,2018-03-26 13:02:11,2018-03-26 13:15:28,2018-03-28 18:36:43,2018-03-29 20:18:55,2018-04-06 00:00:00
d34bae2145edd5228bf4d92832988284,c81fd58c2a3e1fcccc9436fbfe9d1002,delivered,2018-02-26 09:06:10,2018-02-28 09:15:38,2018-03-01 19:47:47,2018-04-03 20:58:49,2018-03-16 00:00:00
8cbb6ada60ae90f4d6f76d2a7bb5e085,0f28203c5b6a0b0831a64782419024a4,delivered,2018-01-30 21:03:55,2018-01-30 21:15:35,2018-02-02 00:03:09,2018-02-16 00:13:30,2018-02-22 00:00:00
e566c1b5be049c45a4e4f83c5101b3fa,193710e578946caa03997487f4cc7129,delivered,2018-04-09 21:42:33,2018-04-10 00:12:22,2018-04-11 19:36:40,2018-04-13 11:44:35,2018-04-19 00:00:00
bef797897a2dddfbb08f9dff9c5ef7b7,c1f56744ed96f4d691e31f2d786b6484,delivered,2018-07-16 17:21:08,2018-07-18 10:05:19,2018-07-19 08:46:00,2018-07-24 12:40:52,2018-08-03 00:00:00
cb3fd1d04f967b6c2d2fbb8f50970c8f,3afd74519364069b1d7ef9ddeac50d6b,delivered,2018-08-23 21:46:53,2018-08-23 21:55:17,2018-08-28 13:43:00,2018-08-30 22:26:55,2018-09-06 00:00:00
973d0da651ae6607b18859b36ed1d6ad,8e22a5ea91de638ad65f58b8473f1e1b,delivered,2017-11-25 19:44:56,2017-11-25 19:54:59,2017-12-12 00:35:32,2017-12-22 20:13:42,2017-12-26 00:00:00
8d1156c96377d15036fe5866d7c2b1c9,17f815b13cf89817bfd90065eb1b69b4,delivered,2017-05-05 13:42:09,2017-05-05 13:55:23,2017-05-11 09:23:59,2017-05-16 11:47:01,2017-06-01 00:00:00
e6025a47a96bbe025dbef66fe043a310,7c4eb97cc786cd7b33980a0c1183989c,delivered,2018-02-02 09:44:03,2018-02-02 09:55:33,2018-02-06 01:41:52,2018-02-21 13:15:55,2018-03-07 00:00:00
a862ecff56ca6a3060e2754e31633320,ed192529f494e06fdd0f5ed6d97f1c56,delivered,2018-05-15 17:19:59,2018-05-15 17:38:14,2018-05-16 14:07:00,2018-05-22 16:34:33,2018-06-13 00:00:00
5accb23a030458bbfb5eb669903f05b7,e643215d64e8d8f969804bfdc98e50f1,delivered,2017-09-24 14:47:42,2017-09-25 14:51:46,2017-09-26 20:22:29,2017-10-09 20:03:57,2017-10-20 00:00:00
a80d0a163fe3b7a1b2b3e9a5f5453357,128ca1cce5c7b800188d3b91f8578b35,delivered,2017-10-19 11:03:40,2017-10-19 11:14:13,2017-10-19 18:18:41,2017-10-23 19:02:29,2017-11-07 00:00:00
95d7f1d6526fe255c28b15b749634392,d08536d91bf5c2d30506a57f29b4452b,delivered,2017-03-20 20:34:03,2017-03-20 20:34:03,2017-03-22 09:04:52,2017-03-24 16:05:27,2017-04-07 00:00:00
77b9ceb8cf451ae51ef8327983efd9d3,40f72292979fbeb548f2c32e21759062,delivered,2017-11-01 22:26:06,2017-11-01 22:45:10,2017-11-03 20:39:38,2017-11-17 17:12:57,2017-12-04 00:00:00
1a549ed2db2a9933e6c9a780064db2d9,43e0ca1387b46dabfbee7145f1cb68ac,delivered,2018-07-17 11:08:44,2018-07-18 02:55:19,2018-07-19 12:57:00,2018-07-25 14:22:44,2018-08-06 00:00:00
012ea594e035047289b3e7c3f8b90cef,39851c46815f49fafb7bc26ed6bf513d,delivered,2018-05-03 21:10:55,2018-05-05 03:10:23,2018-05-08 15:50:00,2018-05-09 13:16:28,2018-05-15 00:00:00
51942abe49111ec0fb49141d451793df,e5f30c56c6505051f9f470383245a799,delivered,2018-02-09 14:44:19,2018-02-09 15:28:54,2018-02-09 23:42:24,2018-02-22 18:29:03,2018-03-08 00:00:00
ba95b4f24ad0bbb40a753470c555727a,4a49dc2c0c4fb4afd6f8e9ddcd86f596,delivered,2017-11-26 19:39:49,2017-11-26 19:54:07,2017-11-29 22:26:58,2017-12-04 16:09:09,2017-12-18 00:00:00
c8de7faa920cdcbe41252449a3fd36c0,8f5777a90b7294397d8f7c2c8e95157a,unavailable,2017-07-06 16:18:36,2017-07-06 16:30:28,,,2017-07-19 00:00:00
0eb7be028002e3ece83dc67396d6568b,093cca7e01540e70298ae25557502932,delivered,2017-07-13 18:56:38,2017-07-15 03:35:52,2017-07-18 12:34:04,2017-07-21 20:17:48,2017-08-04 00:00:00
b3e7ea02bc00558f1ee99a2927181b4e,2b700cb734e7009c5b736376ca57ebac,delivered,2018-08-05 22:00:56,2018-08-05 22:15:24,2018-08-08 11:48:00,2018-08-17 13:52:25,2018-08-20 00:00:00
32c37ffb30a6db200041e5603d1c23d5,b1ed8cfd988e2b0991c7170ce9f183e4,delivered,2017-12-09 19:07:28,2017-12-09 19:14:25,2017-12-13 11:39:22,2017-12-20 17:52:27,2018-01-04 00:00:00
8f4ffb225a704e25511f490b651b6f2e,3966d538af8357574982ae2285464498,delivered,2018-04-04 15:45:06,2018-04-04 16:10:56,2018-04-07 01:05:01,2018-04-10 16:38:42,2018-05-07 00:00:00
6ddda171d214be5f13055479d8b41364,3efd6634c0d7ebbdcadfb0f56b75ceef,delivered,2017-10-10 21:33:47,2017-10-10 21:49:28,2017-10-11 20:20:01,2017-10-17 20:42:07,2017-10-31 00:00:00
72d6593232a560afaf566d6a200fe3d1,e7dfeef23add90c8cbc8fc077c950a1a,delivered,2018-02-17 18:21:17,2018-02-17 18:35:22,2018-02-19 22:51:08,2018-03-02 19:12:22,2018-03-13 00:00:00
8c0819345572d0da947e64bfdf38e3d2,28431c7da08761c1ea2827009796a928,delivered,2017-02-09 23:40:48,2017-02-10 01:05:13,2017-02-10 15:02:26,2017-02-20 11:32:49,2017-03-14 00:00:00
5da33f2ec794bb55994fc59563a04107,983946c69566f5620dd3e943b936cbd3,delivered,2018-03-23 09:42:44,2018-03-24 02:15:56,2018-03-30 01:36:29,2018-04-09 18:28:49,2018-04-13 00:00:00
d0c657a6c80777d2c1c616e0cf917e32,e8d87a4b1c62c22f08a17ffa6570c9cb,delivered,2017-04-09 00:16:39,2017-04-09 01:10:24,2017-04-10 15:52:40,2017-04-12 08:51:30,2017-05-02 00:00:00
d53f2f6c0bd9152936601ea9590e1840,a3f74d8df2b8fa6182979d531f71c2af,delivered,2017-05-17 00:39:35,2017-05-17 01:25:24,2017-05-18 08:37:47,2017-05-24 09:12:57,2017-06-19 00:00:00
3c9165fe4078dc576322edf3612985b7,33b1fcc0d244ba808384b9b3df985450,delivered,2018-08-13 13:43:36,2018-08-15 06:35:13,2018-08-17 14:57:00,2018-08-28 16:07:55,2018-09-05 00:00:00
870335b5a5bfbeaf4c307deb62e63ef5,efd1042b88d03c806edab2861bcc1906,delivered,2018-05-12 17:10:13,2018-05-12 17:29:30,2018-05-14 15:07:00,2018-05-21 22:04:05,2018-05-29 00:00:00
d5558a097766363b8e76b38c43332e8a,49a4fe701c3d30eac6c180908e665ebb,delivered,2017-02-04 19:01:33,2017-02-04 19:31:12,2017-02-15 08:55:26,2017-02-10 07:58:32,2017-03-01 00:00:00
e7d99cde4408565cb8aa944a642c61bd,0d82d1ebd453d1f27f89f3999edda575,delivered,2018-02-13 19:05:47,2018-02-14 10:27:16,2018-02-15 00:52:45,2018-02-28 21:13:42,2018-03-07 00:00:00
77b24e14e65cdeff7657a0ea3c9e9878,97152089d604253afff5a53f5120fcdc,delivered,2017-09-29 14:41:17,2017-09-29 14:56:10,2017-10-02 20:12:20,2017-10-03 20:12:45,2017-10-17 00:00:00
3361322f379261e1ef7aa6e8e86c18dd,f4cdb4b57e2493aba25a939692923d63,delivered,2018-04-09 18:50:21,2018-04-11 05:50:45,2018-04-11 18:49:22,2018-04-20 18:23:33,2018-05-10 00:00:00
faf6d4b65126b7e12030723b3c8373bb,6718956c40e3a0334742b91dfc8e7ee0,delivered,2017-07-02 17:09:41,2017-07-03 20:25:17,2017-07-05 15:22:50,2017-07-22 16:53:31,2017-08-02 00:00:00
6a5504144883c3de1333210ad6c6ff28,43cbdb75b234e3340e69180240cbb699,delivered,2017-10-30 21:31:21,2017-11-01 03:26:15,2017-11-03 20:41:58,2017-11-09 15:08:55,2017-11-16 00:00:00
49de2042facc292abd730e3dc6c0a75a,41a27a1274fe5d0d5d88585f37769043,delivered,2018-08-05 19:50:50,2018-08-05 20:05:22,2018-08-07 15:33:00,2018-08-13 18:02:49,2018-08-20 00:00:00
c65487f27954240aff0ffd6a4c717489,960aad4c20b1256ebc04fe72bdd7afd2,delivered,2018-04-23 10:50:07,2018-04-24 18:41:43,2018-04-24 19:29:15,2018-04-30 15:50:49,2018-05-21 00:00:00
1d58535a7efa4ccc8eab9bf3b16111c7,327da4c5a95a199cc74495dc6babf02c,delivered,2018-01-06 18:14:56,2018-01-06 18:26:46,2018-01-08 17:54:55,2018-01-11 18:25:55,2018-01-29 00:00:00
e3d24d79c3175a6511519e3c4cd64c14,a585914d5afa8549da97dde83873d91c,delivered,2018-01-29 17:22:20,2018-01-29 17:35:40,2018-01-31 01:31:59,2018-02-14 19:36:38,2018-03-01 00:00:00
1f186ad4ad389666cd9482ce1942038d,b3869e23f4d2aad91f558a1e535577d3,delivered,2017-09-16 01:30:57,2017-09-16 01:44:14,2017-09-19 18:26:01,2017-09-30 13:49:52,2017-10-04 00:00:00
6db1acfb7eb6c31cde5a3fd0a83f8b51,d4fc2ef8f515dbc8e1889ef8319d3f11,delivered,2017-09-26 21:09:07,2017-09-28 03:34:27,2017-09-28 18:06:47,2017-10-02 16:44:03,2017-10-19 00:00:00
6a1b1c85cb88090b0bc406c8a6fd8965,8bd636e3f2f38a8842f3d2cb1f68e5e5,delivered,2017-07-28 11:56:39,2017-07-29 02:25:46,2017-07-31 18:52:33,2017-08-02 19:06:53,2017-08-18 00:00:00
cdfdb4e7e805636ed4750f8dc333b01a,f63ca288648d57833c6d2b92d228b426,delivered,2018-03-13 15:57:07,2018-03-14 03:40:30,2018-03-15 17:36:31,2018-03-27 20:11:28,2018-03-29 00:00:00
43ee68cd19f18fcf7dfc4ea167554e40,a5460ac48757705144a88316dd7fe9c6,delivered,2018-08-25 17:37:28,2018-08-25 17:50:10,2018-08-27 14:37:00,2018-08-28 16:03:38,2018-08-30 00:00:00
7f816e4b356f543be68cf6c0fbda9d62,ff87e254d164dee48c4db2b4ec462684,delivered,2017-11-16 12:15:20,2017-11-16 12:31:40,2017-11-16 19:33:08,2017-11-21 13:19:03,2017-12-04 00:00:00
1ad631eef80afb67f53ed0b9083846e7,8a2384d1b9ee16f3fc7114fc0c293451,delivered,2018-07-17 10:06:32,2018-07-19 02:50:08,2018-08-08 15:21:00,2018-08-14 15:11:48,2018-08-21 00:00:00
99c8af04316c292e23ca57d8917db2ad,c05d36c6e2c9dcd92507fdc72e5ce44b,delivered,2018-01-12 16:21:42,2018-01-12 16:31:24,2018-01-16 13:06:54,2018-03-15 20:25:26,2018-02-08 00:00:00
4f155f7ed209d3dd23bd51cf0e7a4c03,0761d6eaeed45df14fb10a8f42fa1d63,delivered,2017-06-26 16:05:09,2017-06-26 16:23:24,2017-06-27 15:40:02,2017-07-03 14:57:38,2017-07-14 00:00:00
3fd2af7d4b0fee360bea3d4beb9d0418,1c226c6651185362430dbb00936b8af2,delivered,2018-03-06 15:33:50,2018-03-06 15:50:29,2018-03-07 19:59:01,2018-03-13 19:48:54,2018-03-27 00:00:00
be000eea7b699cb1b93baa620f7ddfa0,4e80d7cccb888efa8e16f20438a35298,delivered,2018-04-20 22:49:08,2018-04-24 19:28:20,2018-04-23 19:06:49,2018-05-04 19:42:29,2018-05-24 00:00:00
de33a2445c0420d1e174add3c1e5f10d,972c07347372d122743774d9dbfe186f,delivered,2018-03-23 20:48:23,2018-03-23 21:08:04,2018-03-29 16:28:59,2018-04-07 01:58:49,2018-04-11 00:00:00
225d8e0b99ff5a086559a0ec1b21f7c5,f695a13f1a3cf82bf4868a4b2144d88b,delivered,2018-01-06 20:27:22,2018-01-06 20:37:23,2018-01-08 21:14:21,2018-01-12 20:26:59,2018-01-24 00:00:00
7fc9c416ca9144971f5486875181bdcb,b3388d15f35b31ea10a16f59a651c9dd,delivered,2017-03-02 20:27:22,2017-03-02 20:35:19,2017-03-03 14:57:05,2017-03-13 15:34:54,2017-03-23 00:00:00
67730eb2f9468b8c6eb20a45dd477bbd,1d2a30627555e9f9e4948031b23ae4c7,delivered,2017-05-07 19:13:36,2017-05-07 19:25:07,2017-05-10 04:37:52,2017-05-17 15:06:41,2017-05-31 00:00:00
3f265b4152ce33df196725325e99ef49,b7582b03338bd597599d4394ad04e622,delivered,2017-12-02 11:07:58,2017-12-02 11:18:29,2017-12-16 00:55:02,2017-12-19 20:03:48,2018-01-03 00:00:00
9792e6669ba4f0e23d84a9ac8af2a423,a1c6767b4d0951165946354edad40ac1,delivered,2017-07-29 19:30:58,2017-07-29 19:45:13,2017-07-31 13:41:58,2017-08-02 18:17:46,2017-08-11 00:00:00
4db4d9eaf5fb240987ed4148caf900b9,7f3be1ea4ab67c410ab8e37634716342,delivered,2017-11-29 04:49:26,2017-11-29 04:57:25,2017-11-29 22:24:43,2017-12-06 22:38:39,2017-12-19 00:00:00
bdfe93bb42c76425b86540b96ef4761c,ff59794772232a6d231437214aaca65c,delivered,2017-09-10 22:23:46,2017-09-12 04:50:47,2017-09-13 21:27:34,2017-09-22 10:38:05,2017-10-03 00:00:00
3bea71c4bc883f23291659b144e887a2,884f2496c2d61abf6305b4bf140ccdda,delivered,2018-04-14 18:52:34,2018-04-14 19:11:05,2018-04-18 22:48:41,2018-04-24 21:07:13,2018-05-09 00:00:00
8297b34c026c282fa7c0940d7217b87c,3a992e6a82ee84aa0877d9740bd50325,delivered,2017-06-10 20:32:42,2017-06-10 21:02:50,2017-06-12 12:21:03,2017-06-23 12:04:25,2017-07-11 00:00:00
b53712c11389475059711525053a7f35,f04ca3cf98dc157b476848246c1e3af6,delivered,2018-01-03 09:44:33,2018-01-03 09:51:28,2018-01-04 17:44:42,2018-01-22 20:35:19,2018-02-06 00:00:00
be3075dc2d8e37b6ab298688f2534f9a,a07364aa3e87081fae32f62a85067e52,delivered,2017-06-07 16:25:46,2017-06-08 22:31:27,2017-06-16 11:20:12,2017-06-23 13:13:08,2017-07-18 00:00:00
594d743c86778bb2e583167a751f3daa,43ef3b43c4703892196a5f4d4e41772c,delivered,2017-10-02 17:20:49,2017-10-02 17:28:23,2017-10-04 18:33:33,2017-10-11 21:33:21,2017-10-24 00:00:00
58e8270bb23a598a7a351d4fc3a211a4,ff3fe3b5d1013960feb8306734a10ee0,delivered,2017-08-27 18:08:20,2017-08-27 18:24:34,2017-08-29 19:10:51,2017-09-06 18:55:04,2017-09-14 00:00:00
3f6670995954b34c0398e06391f7494d,c3ffeaa392284be251124a112629c41c,delivered,2018-04-28 12:48:18,2018-04-28 13:10:06,2018-05-03 11:34:00,2018-05-09 22:36:55,2018-06-01 00:00:00
e28f13b07a04dff7a7e52c0aee29c342,480c75e853828f9ac0ac262def2b9780,delivered,2017-07-01 20:13:37,2017-07-01 20:23:53,2017-07-05 15:23:46,2017-07-18 19:29:47,2017-07-25 00:00:00
c6472cb27f5aea27c6f874ae8928939a,32e186b1bde73732f1cca0247967cbcb,delivered,2017-11-23 13:18:06,2017-11-23 13:26:30,2017-11-23 22:21:39,2017-12-04 21:26:51,2017-12-20 00:00:00
9b1ea0490fa9828ccdf677a07879d88d,90532b022f6573a7e3d4d57a4572864a,delivered,2018-01-12 15:58:36,2018-01-12 16:09:05,2018-01-18 19:05:52,2018-01-22 21:08:56,2018-02-05 00:00:00
df5cc31d446df3719dde958e4f9dd5dc,babdd387394b20e5cb5c015bbfadc9d8,delivered,2018-08-04 21:15:44,2018-08-04 21:30:14,2018-08-07 14:37:00,2018-08-14 22:21:39,2018-08-27 00:00:00
dabf7d37b038c3cdc2fdc619a7dc9f63,0ce4bb6bb3b70f45dad963f27fa6ce5c,delivered,2018-03-19 10:31:06,2018-03-19 11:15:09,2018-03-19 20:16:38,2018-03-23 01:06:49,2018-03-29 00:00:00
6d631e55b551b20a81767e9685b7afb9,d7df8aa5be9a7c0f5ef11cf74f837ad7,delivered,2018-03-01 14:46:14,2018-03-01 15:31:01,2018-03-05 19:38:36,2018-03-28 03:44:56,2018-03-19 00:00:00
4a3b5641ebdc66e5c3c2a2d2e6633587,bef3b7e0d09c81ece65cc174475bb2f8,delivered,2017-08-01 16:52:42,2017-08-01 17:05:20,2017-08-03 13:47:39,2017-08-10 20:42:55,2017-08-21 00:00:00
3ff1a97af462ca0dafa98d5914729e86,429337ca49b266234552f95edfed0f37,delivered,2018-03-28 10:12:52,2018-03-28 10:28:51,2018-03-28 21:12:14,2018-03-29 22:41:58,2018-04-10 00:00:00
e78a6ebf08a820b5ce4a82208d912130,3155d972f9e19ec1a465e5d8dda5c8d0,delivered,2017-07-28 23:38:46,2017-07-30 01:35:15,2017-08-01 18:42:13,2017-08-16 16:07:08,2017-08-30 00:00:00
2fa9493ca588afc288858c5bb1c8abcf,9e8b9b7954bff0d47914ab1429ba44c4,delivered,2017-09-28 22:04:19,2017-09-28 22:24:40,2017-09-29 15:07:52,2017-10-11 22:37:45,2017-10-27 00:00:00
544d54b3dc0d2262b5dfe130d16800b3,832aea657aa9c61e5c33fcb547e3464e,delivered,2017-11-26 15:22:11,2017-11-26 15:34:36,2017-12-01 17:09:59,2017-12-11 18:39:32,2017-12-28 00:00:00
a156911dd7e008e373ba70af8ddf3ce9,d8f0435d32ed6c394932238b1bc2c103,delivered,2018-04-23 14:57:44,2018-04-24 19:03:39,2018-04-25 15:26:00,2018-04-27 20:54:59,2018-05-08 00:00:00
897d215bbe78c235bc0008784a15ac78,0fca9e1dfa39a880a6f0ec6ecbc774ad,delivered,2017-04-02 00:18:00,2017-04-02 01:04:53,2017-04-04 14:13:29,2017-04-12 13:44:50,2017-04-26 00:00:00
45fb34f01dd01f620227b97a2dcb16bc,f47fe155433cf9f2f0f544adf7f60ca2,delivered,2017-05-26 14:27:09,2017-05-26 14:42:28,2017-05-29 18:56:30,2017-05-30 12:03:26,2017-06-08 00:00:00
7db3c476a7eed0f931dfe7e69deeb54e,8bd3e5ae89d89e1c50438845e21b9171,delivered,2017-07-18 00:54:08,2017-07-18 01:10:09,2017-07-21 18:27:32,2017-07-28 16:14:26,2017-08-09 00:00:00
0918b01313c67da779fa4b5356537024,adc023c7dd5c234ef7e6c817a678c3ef,delivered,2018-04-11 10:46:53,2018-04-11 11:10:25,2018-04-12 17:06:11,2018-04-23 14:21:32,2018-05-10 00:00:00
598788f17f3dca25dc5a133e532c4281,6aa59bed73896617a8ede11914d7dab9,delivered,2017-10-26 22:11:45,2017-10-26 22:26:13,2017-10-27 18:53:58,2017-11-06 17:59:31,2017-11-22 00:00:00
010c995323bc17d8156fbe2c37fed63e,eada5b345b1d846ca260ad12e8ec98cd,delivered,2017-03-25 19:18:00,2017-03-25 19:25:22,2017-03-28 13:05:48,2017-03-31 10:46:01,2017-04-13 00:00:00
c7b81b11d2fbb30b6e215611ff0fdf15,ee07f61d1dc8259e953fdc1c6237dcd6,delivered,2018-01-11 19:17:22,2018-01-11 19:28:18,2018-01-13 02:38:52,2018-01-15 18:16:49,2018-01-26 00:00:00
333e7a046c4e6cc445f3178043b57039,4688c6355c8b84b24a780915fa1cf4eb,delivered,2017-05-08 23:25:31,2017-05-08 23:35:20,2017-05-11 14:16:12,2017-05-23 14:43:09,2017-06-06 00:00:00
b059ee4de278302d550a3035c4cdb740,856336203359aa6a61bf3826f7d84c49,canceled,2018-10-16 20:16:02,,,,2018-11-12 00:00:00
db88c73b909a8dedc34e77d84f2ec323,c93b99143247d309d9fa3da7064ad32c,delivered,2017-12-12 20:55:57,2017-12-12 21:11:33,2017-12-15 17:18:22,2018-01-03 19:28:59,2018-01-12 00:00:00
1fc9d04a738b6f63d5803e444c2228c8,5ef48a50490097673c18755851059261,delivered,2018-08-12 11:29:37,2018-08-12 11:45:15,2018-08-13 14:45:00,2018-08-16 18:18:50,2018-08-22 00:00:00
6739ec850ef337d6dd99504b01b4574b,7b92d7498d0b87efd760bb2ee0435662,delivered,2017-10-24 17:10:54,2017-10-25 02:08:07,2017-10-26 13:49:51,2017-10-31 21:21:58,2017-11-13 00:00:00
a316607f76b8992b9ef01d8e7ee6933a,88bfdd144525b83fcf4d8ff311286c4b,delivered,2017-08-04 10:08:25,2017-08-04 10:23:27,2017-08-07 18:07:07,2017-08-15 19:54:53,2017-08-28 00:00:00
c733a4fdd58e3b29cb99b5881c10a1bc,a0304cff9fe8ea7c3fbff031132b6f8c,delivered,2018-04-04 09:30:07,2018-04-04 16:56:14,2018-04-05 21:19:21,2018-04-18 20:52:46,2018-04-27 00:00:00
6644dceea3b42c405236d956eea44d70,76da52ccb9bf4415fa103e64a5a027db,delivered,2017-12-04 19:07:14,2017-12-04 19:30:44,2017-12-06 00:07:28,2017-12-08 17:48:50,2017-12-20 00:00:00
55c2859a526d3cbf1df65ee601139c3a,0381ec58ea2fa26fb596e5d1af0e270d,delivered,2018-06-24 17:00:04,2018-06-26 04:58:54,2018-06-26 15:10:00,2018-06-27 20:38:27,2018-07-05 00:00:00
71154ee4c79f3dd93a78abaa38b08e4f,b5446e13392bc45a431a670135776019,delivered,2017-12-29 21:15:33,2017-12-29 21:26:47,2018-01-02 15:47:47,2018-01-25 20:18:00,2018-01-30 00:00:00
04e83658486074318f1a806c19265817,91fd140e38421fcc6f81f31e07d21275,delivered,2018-05-04 21:24:35,2018-05-04 21:35:14,2018-05-08 10:59:00,2018-05-11 16:51:59,2018-06-04 00:00:00
aab7f3f00c73e3e209b6e84412a3758b,c51460dcb59443d89846e238653f6002,delivered,2017-08-07 10:25:57,2017-08-07 10:35:23,2017-08-08 14:42:13,2017-08-14 16:17:38,2017-08-31 00:00:00
9b22b01ffdff6efa20736523a260060b,ab7f0b578ff16926fdab208ad2afaadb,delivered,2018-06-02 20:23:49,2018-06-02 20:35:14,2018-06-04 14:53:00,2018-06-11 17:34:38,2018-07-05 00:00:00
852586974b34f22595f8bcc918b48040,e60b44258e250247c031afa715241405,delivered,2017-10-11 10:38:21,2017-10-12 02:21:01,2017-10-16 18:30:08,2017-10-24 19:27:58,2017-11-14 00:00:00
8d8dd87b61b3fb82a68af8b3c890764f,d17442d5eaa091438ffd783d15353526,delivered,2017-06-11 18:08:21,2017-06-13 04:10:15,2017-06-19 16:36:37,2017-06-26 14:59:52,2017-07-13 00:00:00
c2e9150ecca583eb68c1e2e2b650caac,fe2f3701874bc7c2a8e1509621366717,delivered,2018-05-07 13:59:25,2018-05-07 16:12:36,2018-05-15 15:46:00,2018-06-04 21:16:49,2018-06-07 00:00:00
b0ff8e6a9bb47b224a599ff0c161006b,a160f351f9742dcf1732bb802b7fcd65,delivered,2017-09-28 22:23:10,2017-09-30 12:49:29,2017-10-02 19:40:08,2017-10-06 20:52:16,2017-10-30 00:00:00
768351bcdb7630b77da379eb5a54e9b3,22e7d05a63bb1bfe0b2eede7b74723c8,delivered,2017-03-11 15:19:53,2017-03-11 15:19:53,2017-03-15 10:00:34,2017-04-07 14:42:17,2017-04-11 00:00:00
71f78dbe56e4ceb4b7ce394fb6de8f15,1414a515ad96f8644b1b207cb04929d1,delivered,2018-08-24 11:09:05,2018-08-24 11:24:29,2018-08-27 13:30:00,2018-08-29 20:33:04,2018-08-31 00:00:00
0152de20f6e09fb1133847df8babd490,cc427818670e1a876ce1a0c989d92f68,delivered,2018-08-07 22:42:13,2018-08-07 22:50:19,2018-08-08 16:00:00,2018-08-14 21:17:37,2018-08-16 00:00:00
4ece3211dc7b96c8b646fa8a727039e2,083d0767ee04f4a01cc28835dc32d6b4,delivered,2018-04-07 19:57:43,2018-04-10 03:49:49,2018-04-10 19:46:36,2018-04-13 21:22:26,2018-04-25 00:00:00
738f5dc0019111cfef2d7ba48c2c6368,2b834a626df3c2ecb913874033a11213,delivered,2017-11-24 10:52:32,2017-11-24 12:34:43,2017-11-30 00:28:38,2017-12-07 14:58:26,2017-12-26 00:00:00
1f59665af8c7408a7c633f9541644854,17066ea92fe83b36cb9f9997c3cca3af,delivered,2017-01-25 19:09:39,2017-01-25 19:25:15,2017-01-26 07:59:55,2017-02-03 10:19:04,2017-03-08 00:00:00
a20a97869b7ddc65f69cb3373159648b,85ffd918d7d043bc4aaec22621818908,delivered,2017-11-25 16:24:40,2017-11-25 17:17:26,2017-11-30 04:36:25,2018-01-16 21:09:11,2017-12-21 00:00:00
58b3c61516dc5ed6140b6a09acbeb05f,c13b43440b0555633480ca70ff6cc010,delivered,2017-04-27 13:06:59,2017-04-27 13:25:45,2017-04-27 14:06:23,2017-05-05 23:37:37,2017-05-29 00:00:00
0fdb712fc648aa524966c0a442999bf7,4e0c05acaaaff233a4a551dc27c673be,delivered,2017-09-11 21:49:04,2017-09-11 22:10:28,2017-09-13 14:05:12,2017-09-16 12:27:54,2017-09-27 00:00:00
7254ba1421bac35de5d5da660715bf0e,65e1faa1535d1b4ca089fd7b9e84b5b3,delivered,2016-10-07 22:46:51,2016-10-07 22:59:23,2016-10-26 11:41:50,2016-10-28 12:11:38,2016-12-01 00:00:00
965f41a5261d9e54ef1e3c7944ed618d,b1ddbe8d116b700e6af3e23fdb0778cb,delivered,2017-04-14 01:25:25,2017-04-14 01:35:05,2017-04-17 10:44:15,2017-05-03 12:47:54,2017-05-16 00:00:00
438dad6fa6e9ce3c50e4497b4232c7ce,7bf292ff5a207037c946ce46a12e8d7b,delivered,2018-04-19 16:11:59,2018-04-19 16:58:08,2018-04-20 20:03:36,2018-04-26 18:12:34,2018-05-18 00:00:00
ce322da078046d3b1e267b888d563fbe,a3f3f06060fe4f8e89d4f2b8be6a8b2a,delivered,2017-03-02 20:37:08,2017-03-02 20:50:17,2017-03-03 08:06:00,2017-03-16 12:46:05,2017-03-23 00:00:00
411282320ee1ea91c2fc8351aee73b05,542980ab4abd38838ea8a1998a879e7c,delivered,2018-07-03 15:08:25,2018-07-05 16:40:46,2018-07-06 10:16:00,2018-07-13 23:12:05,2018-07-27 00:00:00
155220928b39545388340a30c2055907,a2bf0bbe934be7673aba2480b244933f,delivered,2018-03-26 19:45:21,2018-03-26 20:06:50,2018-03-27 19:06:58,2018-03-28 11:44:26,2018-04-06 00:00:00
f9d5bfb53147f381e81b89a848e26b16,a5f29fa52fe06844c85996c91c3f1d02,delivered,2017-06-05 14:15:53,2017-06-05 14:25:19,2017-06-06 11:38:40,2017-06-19 14:23:48,2017-07-04 00:00:00
79675ac76b2c97ba601ce736de298724,1173a4bd917d4e1a64917dd9851ccea9,delivered,2017-11-27 21:35:51,2017-11-29 02:22:17,2017-11-29 15:03:23,2017-12-05 23:43:09,2017-12-20 00:00:00
e1a90f68f1eb2b0f154dbfdace7bdab6,d5ab28cc3a09431710c8b8066f168ee3,delivered,2018-05-11 00:40:38,2018-05-11 00:58:46,2018-05-14 16:02:00,2018-05-17 14:20:42,2018-06-04 00:00:00
981ce71403e17f9540c416f431a7c6d2,77cc50c78dcf4dc34e444fceb2e397aa,processing,2017-12-29 11:24:15,2017-12-29 11:37:18,,,2018-02-05 00:00:00
0c734449f0a8246894a537f0d4355dc8,6e36e65ac8a2d6648fe31c13aa4e7b42,delivered,2018-06-14 02:20:11,2018-06-14 02:57:34,2018-06-15 16:38:00,2018-06-29 15:18:49,2018-07-27 00:00:00
0d0b6cc488971eabaf999e0fca2b7bfe,12d69fce7a250f435cf1a184a28e030c,delivered,2018-07-04 21:20:35,2018-07-06 03:11:25,2018-07-09 15:06:00,2018-07-21 18:48:47,2018-07-30 00:00:00
b9a970bee0ad1aab9d4f291280670f78,c99932b765fc1b7a1c5a4c3f996f6f1d,delivered,2018-06-04 11:52:25,2018-06-04 12:10:42,2018-06-12 12:03:00,2018-06-15 13:42:47,2018-07-23 00:00:00
370cfb4244f1a15b8d60d32fce42c3fd,d6304656af67fcbb83f11a7496be7a32,delivered,2018-05-26 12:49:25,2018-05-26 13:10:59,2018-05-28 13:58:00,2018-06-12 23:11:39,2018-06-28 00:00:00
cd39022e5751efdf258a1052e7e9bc70,99edb37901193efa5288192326767ad9,delivered,2018-01-16 12:45:33,2018-01-17 03:38:51,2018-01-17 19:59:12,2018-01-18 16:28:35,2018-02-01 00:00:00
7bb63f3e1c995473fbe6450a65fd8cfe,b23e3f110598a3783b8bf7cf6e342d31,delivered,2018-02-14 17:16:33,2018-02-14 17:30:34,2018-02-15 20:09:23,2018-02-16 19:59:02,2018-02-26 00:00:00
eebd0aa26d3536a69dad447ad462ff73,b00da73cee289d4da4290bb464674d77,delivered,2017-11-10 17:01:45,2017-11-10 17:10:45,2017-11-14 22:29:44,2017-11-17 12:21:53,2017-11-24 00:00:00
591749138516fc08043a066ecc49963d,dcbe91bfb20f1a03cfdb25cc8800b590,delivered,2018-08-17 12:03:54,2018-08-20 19:10:05,2018-08-21 12:53:00,2018-08-27 17:28:48,2018-08-31 00:00:00
b1b69f51bb6761e529b47d528ba4470e,673c61d5732c61eb711c2826cc621e6c,delivered,2018-07-13 16:55:50,2018-07-17 04:31:56,2018-07-17 13:46:00,2018-08-02 23:43:44,2018-08-07 00:00:00
5d8955bd4f20188cffeee997c68e0244,b29cd4b6b9a32a9071f8ef282588b18b,delivered,2017-11-25 06:48:16,2017-11-25 06:56:23,2017-12-06 16:49:28,2017-12-19 17:22:25,2017-12-18 00:00:00
0a59027d2270c523a10d1c29e6c53a71,5e168bceb0efacd860ad767bb6f4e41a,delivered,2017-02-06 15:02:59,2017-02-06 15:10:20,2017-02-15 15:34:22,2017-02-21 17:13:59,2017-03-03 00:00:00
f55968a2a9ef74f95cf02a0541aecf8c,092bddeb38f366d5e8e2369616c98e5c,delivered,2018-02-26 19:01:35,2018-02-28 09:29:28,2018-02-28 23:38:55,2018-03-14 22:41:40,2018-03-28 00:00:00
7122be37b1b21797619ed0a6cf64f043,35cc79f94883e64adef77f344e09b7ec,delivered,2018-04-09 21:35:35,2018-04-10 21:35:17,2018-04-13 15:03:18,2018-05-09 22:47:31,2018-05-08 00:00:00
ce101239d4d3c22d02503fc803c73be6,dffad848e20daa8fddd888a94af8f71f,delivered,2018-04-18 11:06:48,2018-04-19 02:15:14,2018-04-19 22:26:00,2018-05-23 13:48:41,2018-05-14 00:00:00
e151550ba97ec3c6c86f7de205371930,41f93e22a459e461cdf419379b90a249,delivered,2018-08-19 20:45:16,2018-08-20 13:15:43,2018-08-20 15:27:00,2018-08-23 18:15:53,2018-08-28 00:00:00
00e365f4fc03d1098841af23d05c17a6,491609eeefc72ee67ee5b42e63ba9859,delivered,2018-08-20 09:40:45,2018-08-20 14:51:17,2018-08-23 17:10:00,2018-08-29 18:56:33,2018-09-10 00:00:00
82a7cba8d70a10e7e0e44e41a30772f7,5e6283cd338ed4776861535ddee19b20,delivered,2017-11-24 14:09:36,2017-11-24 16:18:56,2017-11-27 18:39:22,2017-12-04 20:18:40,2017-12-08 00:00:00
59fcd6efd47e8f61ca7c5d872abe3ccf,dcb29962ced40715479284011d7442f0,delivered,2017-11-04 21:07:29,2017-11-04 21:25:28,2017-11-07 19:17:04,2017-11-21 23:21:19,2017-12-01 00:00:00
b9aa04fee730826d066fd6b7f63def15,824586bf0c5be85cf4295256c5693f37,delivered,2017-07-15 17:27:36,2017-07-15 17:43:45,2017-07-17 18:53:04,2017-07-19 20:13:27,2017-07-28 00:00:00
1b2a09e1fb4ede4fd59a806112766dc7,139d5ffd92108182976063d0d8aca45c,delivered,2018-07-30 20:48:59,2018-07-31 11:30:32,2018-08-01 14:27:00,2018-08-07 18:08:46,2018-08-20 00:00:00
173c5c245013bac81a2448638eef784a,a3d5aec988dc5a87e55667afa07191f8,delivered,2018-04-27 10:31:54,2018-04-27 10:51:57,2018-04-27 15:36:00,2018-05-03 22:28:58,2018-06-05 00:00:00
2c6017cac50e6be76810bbe9af615005,6b07820975c0b42e74d62d809d42881e,delivered,2018-06-24 13:47:01,2018-06-24 17:18:20,2018-06-25 13:34:00,2018-07-04 22:16:55,2018-07-25 00:00:00
2e99433024f415d8bda635a5f0615a25,ffd940dedc35e4f459eddfa41291e824,delivered,2018-03-29 12:43:22,2018-03-29 12:56:07,2018-04-03 21:51:26,2018-04-20 16:06:59,2018-04-24 00:00:00
c6ceea8c10c1521a2f993bc956800cf5,9a7965465aaa863ad7cdffc0b132741c,delivered,2018-03-01 22:48:38,2018-03-02 22:55:27,2018-03-07 00:07:12,2018-03-29 15:12:25,2018-03-22 00:00:00
a6b72c99c6aec179323591f4dc353bb9,806910515bd4f7668c67a493225308ae,delivered,2018-03-23 14:06:23,2018-03-23 14:28:53,2018-04-05 15:42:44,2018-04-14 01:08:24,2018-04-13 00:00:00
b8d94c2eac635cfb72f45c947793d1e0,2acd2f4e868c1f1c06d7c3b68e687489,delivered,2018-08-18 16:43:27,2018-08-18 16:55:29,2018-08-20 13:55:00,2018-08-28 18:58:26,2018-08-30 00:00:00
bce0e59fd169e75aefbf4c28335c5b7d,3c40b26b740ae128d28eceec148aa527,delivered,2017-10-30 08:35:46,2017-10-30 09:08:16,2017-10-31 16:42:58,2017-11-03 16:02:59,2017-11-17 00:00:00
78f48d9a0bb09969516a9fb25e05311e,df17fef4f9d03187862b78f95ab3be15,delivered,2017-07-18 13:47:58,2017-07-18 14:05:33,2017-07-19 16:17:31,2017-07-25 22:36:00,2017-08-07 00:00:00
ada32b6f0cb6b0a58d13dc20a423f2fa,3cd77cfce4c000862e033675e3e408f5,delivered,2018-07-23 17:47:17,2018-07-24 10:31:12,2018-07-25 14:28:00,2018-07-27 01:42:30,2018-07-31 00:00:00
2e3d25ae760b48fda536f1be145cab46,84ef121a9470fb9e16993839231c66d3,delivered,2018-07-31 20:20:40,2018-07-31 21:00:09,2018-08-01 12:12:00,2018-08-06 16:03:05,2018-08-20 00:00:00
a3f048db7f6523ded5c260c1ea0bf007,012ca3bed937a20fa19642e8e53d831c,delivered,2017-07-31 23:06:47,2017-07-31 23:25:25,2017-08-02 12:08:18,2017-08-07 22:17:26,2017-08-18 00:00:00
db7374d1f9c8965e0fbbc1fd1cc916fe,cfde53fd036308dba103823ba561b885,delivered,2018-08-14 17:38:24,2018-08-15 03:15:16,2018-08-16 11:54:00,2018-08-21 17:08:32,2018-09-14 00:00:00
aad4cc3a0a8f37c519c7d72ea429c11d,6fd61b91ee774187723f8ab0077f1570,delivered,2018-05-16 12:41:05,2018-05-16 12:55:25,2018-05-16 16:19:00,2018-05-22 15:58:35,2018-06-11 00:00:00
91c3ea3f720dd9cc12b762347379b0eb,930cddd48e6ae47a5922cff200d54069,delivered,2017-08-25 21:13:15,2017-08-26 02:10:11,2017-08-28 20:33:52,2017-09-05 17:12:03,2017-09-14 00:00:00
9615da76c321b025633e32cfface90e0,fa8799a9ec64801ba2f667ae83c9130a,delivered,2018-02-20 14:29:35,2018-02-20 14:48:15,2018-02-24 12:58:38,2018-03-05 19:13:56,2018-03-19 00:00:00
aeee18f9e96661619be19ae8346c072e,8b41260e4f96818d4497b04d0f6a5ba7,delivered,2017-12-14 20:38:16,2017-12-14 20:59:19,2017-12-15 21:27:50,2017-12-20 21:54:53,2018-01-11 00:00:00
9553913bb01853f78a265724d13eda3a,0da511c15dd976bb8df4ece33cfc38dc,delivered,2017-02-23 23:49:22,2017-02-24 01:05:27,2017-03-01 14:53:57,2017-03-07 09:38:54,2017-03-20 00:00:00
ec3a75fb0ac595e461765d2d854b1d08,14308d2303a3e2bdf4939b86c46d2679,delivered,2017-03-15 21:04:08,2017-03-15 21:04:08,2017-03-20 08:34:12,2017-04-05 11:07:12,2017-04-26 00:00:00
1f559479dd8bfb2e398b0372cad1c2a2,feaef48e150d4f22138e748bb313698c,shipped,2018-04-15 23:04:24,2018-04-17 04:35:22,2018-04-18 01:38:47,,2018-05-21 00:00:00
e05c05475cc96f65f8c34274398840d9,fb776c31b53a1f918c012a98ecd1050f,delivered,2017-06-20 22:42:06,2017-06-20 22:55:16,2017-06-20 23:31:03,2017-06-28 09:13:22,2017-07-03 00:00:00
da9365826a6ffd6577582de7425efeda,3a32a08e045323a9e98da11f43951b90,delivered,2017-08-06 20:57:06,2017-08-08 04:10:53,2017-08-16 09:08:49,2017-08-28 20:22:50,2017-09-05 00:00:00
045797b656bf633566b0bcff412442a3,f8db74f90cb69ee798432c01baf38009,delivered,2017-11-29 11:27:38,2017-12-01 11:32:44,2017-12-02 16:35:35,2017-12-23 01:05:55,2017-12-22 00:00:00
1ad4a4025f564f7589eb7d378060a63c,771deb3ebacbeeb186fb88395b6a26f0,delivered,2018-03-23 15:56:13,2018-03-23 16:08:48,2018-03-27 01:11:45,2018-04-05 16:09:42,2018-04-23 00:00:00
0cae0419c5938004fa8b8dba302552d1,7721bac08ba3e3a777291cd38463d39c,delivered,2017-07-03 16:43:26,2017-07-05 02:45:10,2017-07-06 15:29:51,2017-07-21 19:49:35,2017-08-04 00:00:00
612153bcf3b401012b872fc891497142,0cf6be58a1fa3bec5e5e3d20d43c6d2e,delivered,2018-05-18 00:33:41,2018-05-18 03:56:23,2018-05-18 12:26:00,2018-06-05 13:28:38,2018-06-07 00:00:00
3af6b9f9ea8f6b9c7fcf82f988e895e2,c8db7922514ad8197fb03934a9352c9e,delivered,2017-07-07 16:30:40,2017-07-11 04:05:36,2017-07-11 19:23:46,2017-07-12 14:12:59,2017-07-20 00:00:00
8281751e57c88c456c81120e259c4367,2118725b646b0df667831735291dbe7b,delivered,2018-02-26 19:06:58,2018-02-26 19:15:39,2018-02-27 17:32:58,2018-03-02 20:42:48,2018-03-16 00:00:00
fa643944a0153ff767c0df7baeedb902,e9e1962df1b6d60d3b3046c0116df408,delivered,2017-08-17 11:57:03,2017-08-17 12:25:10,2017-08-18 17:03:43,2017-08-24 19:51:43,2017-08-30 00:00:00
4493e45e7ca1084efcd38ddebf174dda,a1fa003a1a17fc47164251e0e85034f7,delivered,2017-07-11 20:56:34,2017-07-13 02:55:24,2017-07-14 20:49:34,2017-08-14 21:37:08,2017-08-14 00:00:00
9988bc711d2d6fead4af40481ff5de63,2a55c5a6ff0c2eaed117aece47856094,delivered,2018-04-05 11:32:10,2018-04-05 11:48:41,2018-04-09 20:51:11,2018-04-12 22:58:45,2018-04-23 00:00:00
2a0f332fd6b3b477c16619a99313d29c,2596ba7fc52317caa07f81aef3f42911,delivered,2018-07-03 15:56:18,2018-07-05 16:32:59,2018-07-04 14:06:00,2018-07-05 17:31:46,2018-07-16 00:00:00
0e6f7fb47bffbb13f0c144a12443e5a7,6337af5c62eac96c7e4533af747872df,delivered,2017-08-25 18:09:40,2017-08-25 18:26:14,2017-09-13 19:13:05,2017-09-19 22:05:52,2017-09-29 00:00:00
370ea9c16345a128a6c6b8b76a475d74,698e47900576a48d6407ce5b61a17542,delivered,2018-01-26 13:53:17,2018-01-26 14:22:02,2018-02-01 00:28:50,2018-02-26 19:53:06,2018-02-21 00:00:00
2df215b400473a9b6f3be2d5b1bfda08,ce3353c3edc00f0fc559a1ad8fda4e4b,delivered,2017-12-06 15:59:20,2017-12-08 02:54:30,2017-12-11 19:37:04,2017-12-20 20:58:56,2018-01-08 00:00:00
e0ed91e2a699499df74df781f551bee5,036eed6f0650d445406ff23640b7911b,delivered,2017-04-20 09:47:51,2017-04-20 10:01:45,2017-04-20 18:15:30,2017-05-02 13:28:34,2017-05-12 00:00:00
20e5eddbcc8c6279cd7c35bc99e5fd65,57e039a11c60ce7be47e29b112f02074,delivered,2018-03-16 08:39:58,2018-03-16 09:07:23,2018-03-16 19:05:02,2018-03-19 17:24:41,2018-03-28 00:00:00
23726774d1a868c3e1b13c0fa85d1308,ccb676d14091faf285f5cc8e28bfec92,delivered,2017-12-05 10:11:21,2017-12-05 11:06:56,2017-12-06 01:58:45,2017-12-14 16:08:01,2018-01-09 00:00:00
e23006337203868e5bd34c7e188eb87d,27521e9ab2d6a683db9364fa35f83d3e,delivered,2017-12-01 17:36:30,2017-12-01 17:59:11,2017-12-04 21:23:04,2017-12-15 13:56:58,2017-12-20 00:00:00
3a7d30daaa31a87149374d946dc745e8,330d2c8a165f61afe913931042f2ac9e,delivered,2017-07-14 19:10:55,2017-07-14 19:24:43,2017-07-18 20:33:28,2017-07-22 11:53:53,2017-08-03 00:00:00
a65211639143a90d6cb4116d808b1823,b23f056c8604016df9fefaa92128ab42,delivered,2018-04-02 20:55:25,2018-04-04 03:09:02,2018-04-04 22:38:56,2018-05-26 01:34:22,2018-05-16 00:00:00
d5a0359c9a84924aa4c85244ff60c1ef,fc46397b7ae78215cb3115edf8cef3b5,delivered,2017-05-01 19:42:01,2017-05-03 11:10:26,2017-05-05 12:46:15,2017-05-12 18:34:47,2017-05-23 00:00:00
c870ef6a8e1d8eec841d79b42a6a20e4,5e2eb678bf7712ade6ed644acfd44f5e,delivered,2017-01-19 20:45:08,2017-01-21 03:10:43,2017-01-25 09:24:26,2017-01-30 19:47:59,2017-02-17 00:00:00
4957235ac475ee9ce4a593a8078c08b8,8369f3d663dcd9b3a4cc3d3b797ee011,delivered,2018-08-14 12:14:54,2018-08-14 12:25:19,2018-08-15 09:56:00,2018-08-21 19:06:55,2018-08-27 00:00:00
e938a90514cd29b81f7e88eb8c918d12,ce5adc4a6936d649dc3c0757303dba08,delivered,2017-12-08 22:41:46,2017-12-08 22:54:21,2017-12-11 12:23:02,2017-12-14 21:36:06,2018-01-08 00:00:00
f2dd5f15184c73c0d45c02941c7c23d1,4b60b3ade055c6ad88a00758c8e8a162,delivered,2017-01-05 22:52:33,2017-01-05 23:05:27,2017-01-06 16:08:45,2017-01-13 17:06:48,2017-02-23 00:00:00
d6ae19c6c065f3ba77f44eb583be611e,db7a54c176ba4480ca18f885ee8fc437,delivered,2017-02-26 12:30:22,2017-02-26 12:45:44,2017-03-08 09:46:41,2017-03-25 10:07:51,2017-03-30 00:00:00
402e0a2ad64d2f2b8f0d06d436789aca,84c6bfb65cffd4c4fbaabe31622495f5,unavailable,2017-10-21 10:58:06,2017-10-23 16:49:18,,,2017-11-09 00:00:00
db0dca3813088a91aa97aaa8dfeadd9c,02d16f10703b6d4ef180f921028032a5,delivered,2018-02-11 03:10:46,2018-02-11 04:29:19,2018-02-14 20:15:52,2018-02-15 19:08:18,2018-02-26 00:00:00
5f517c344edea684043f8c69608b7f47,93e2b668f75cb137a4318ad4aad0a984,delivered,2018-02-16 07:39:47,2018-02-16 08:07:36,2018-02-20 00:42:32,2018-02-25 12:42:44,2018-03-13 00:00:00
18f0a12f1ab339b1e6b86a163e592d58,9a655b636ba5cf7434d7351673def007,delivered,2017-02-21 10:00:48,2017-02-21 10:10:19,2017-02-22 12:00:54,2017-02-24 09:59:04,2017-03-20 00:00:00
9d3ec17c877b8a749b1f9523a47773c8,69a367da4f911c98e382d5dd0c6f82ad,delivered,2017-12-25 22:34:37,2017-12-25 22:47:59,2017-12-26 21:16:34,2018-01-04 17:58:56,2018-01-26 00:00:00
8c13aa9bfa920854ca73694d94387d40,8ad17d877d2373c52b855c0eed7295bd,delivered,2018-05-21 11:39:50,2018-05-21 15:31:47,2018-05-22 12:24:00,2018-05-24 18:21:44,2018-05-29 00:00:00
bd83663c5988e9ca4ca46398be4678b4,5811b9da44294be51b789311b0a3347b,delivered,2018-02-28 19:25:05,2018-03-01 17:35:25,2018-03-06 23:33:06,2018-03-20 02:07:26,2018-03-22 00:00:00
c8cf9cd92734a5803265426a94989d0f,fd5df5d31bb44f4ffed6fe856c29802d,delivered,2018-06-26 14:05:44,2018-06-26 14:33:58,2018-06-27 10:17:00,2018-07-04 16:08:52,2018-07-31 00:00:00
78b705f0cc3c972f50aa93342f6797b0,9cc3fbd80c22513246da97768a1a6d27,delivered,2017-04-28 18:18:53,2017-04-28 18:25:35,2017-05-03 09:13:44,2017-05-06 09:51:16,2017-05-22 00:00:00
797cbe6650a540e0515a523152c7f868,615063e4a4d4fc2ef9cda7c7358e2d4e,delivered,2018-02-08 13:38:14,2018-02-10 02:49:48,2018-02-14 16:38:56,2018-03-02 22:54:01,2018-03-06 00:00:00
bf42ba647cf1164c3f1f5757b3f0cbd1,1c37caf11970a567b7fa4a716175d250,delivered,2017-12-23 12:41:22,2017-12-27 04:09:45,2018-01-03 17:12:27,2018-01-08 23:51:51,2018-01-19 00:00:00
75a9432bc86fcd9061f4557cc03183ef,9bd6c5fd5a674475ce62d2eba940d701,delivered,2018-08-20 17:14:29,2018-08-21 08:55:29,2018-08-21 14:08:00,2018-08-28 15:07:41,2018-09-10 00:00:00
03953c6f8f398530d8847bf6000ffa78,33e3447a291780d38e59f5d4fdb42d0e,delivered,2018-05-17 16:37:42,2018-05-18 00:38:07,2018-05-21 11:58:00,2018-05-29 23:03:45,2018-06-04 00:00:00
9903cc5e1e454aaf33a898f173808285,b66808c23aa8f646bbd3ee4326408c22,delivered,2018-05-13 17:26:54,2018-05-13 17:52:00,2018-05-15 15:18:00,2018-05-17 22:48:37,2018-05-24 00:00:00
94988f535f661bb99df19830f8b0c85a,575c83fdc47cd734f5bcb15356b95284,delivered,2018-04-15 21:41:47,2018-04-17 05:51:05,2018-04-23 16:35:37,2018-04-24 17:02:59,2018-05-02 00:00:00
c3a1df55b98cfc24ce8fb94931eb7f7f,400e9330d00648ce9605cd4108c140ad,delivered,2017-05-29 10:16:07,2017-05-29 10:25:13,2017-05-31 10:12:37,2017-06-09 16:25:00,2017-06-29 00:00:00
d4169a5053bce24dd44902b9f07eed51,9d9f317311646c61117ca1bb8f5684df,delivered,2018-06-17 13:28:09,2018-06-17 13:52:41,2018-06-18 14:15:00,2018-06-22 18:51:58,2018-07-05 00:00:00
7a502e545ea55a7ff2a035abd83c6d84,95de601b667f07f36d2a485b42866900,delivered,2017-03-22 10:34:48,2017-03-22 10:34:48,2017-03-29 16:06:06,2017-04-03 14:15:57,2017-04-25 00:00:00
9eda5cd4fa8caf92f0886bcc15b98577,e414cf673d7803bcddf9263feed7c535,delivered,2018-08-08 11:30:30,2018-08-08 11:45:23,2018-08-08 14:36:00,2018-08-13 22:41:59,2018-08-16 00:00:00
e35528176e3374bcb21842931b5a3e8a,08dbe84d5f0f740e4ffded575b686e32,delivered,2017-12-05 01:36:14,2017-12-06 02:35:46,2017-12-27 21:24:42,2018-01-04 22:58:42,2018-01-22 00:00:00
ab021e4a57f9a5590977fb19b619b6f6,a8967ea2835ee0658cdb389470fb2973,delivered,2017-02-22 17:48:51,2017-02-22 18:02:34,2017-03-01 14:39:00,2017-03-09 14:24:20,2017-04-04 00:00:00
f357366b4ead4d267e1dbc2454e4a475,850be66093f139f399ba55d7cd96cf26,delivered,2018-07-25 09:27:14,2018-07-27 02:10:33,2018-07-27 14:43:00,2018-08-02 17:05:06,2018-08-10 00:00:00
02f4865eba77caf307bb9f08d0a59a32,8c0371d9a7330d609cb2b0f9781183d0,delivered,2017-04-19 03:08:08,2017-04-19 03:15:05,2017-04-20 07:56:35,2017-05-09 12:06:48,2017-05-11 00:00:00
603ed359003f9966416e844105537b03,fd36672298845c0b3f7cd97dd2a202c5,delivered,2017-03-03 16:13:44,2017-03-03 16:25:14,2017-03-08 08:19:03,2017-03-13 10:52:33,2017-03-22 00:00:00
ed6104a0027e6a269ce0269f21c67f0c,14f9068e637206960a557817377830f8,delivered,2017-07-15 01:33:53,2017-07-15 01:45:11,2017-07-19 18:33:25,2017-08-04 18:55:47,2017-08-18 00:00:00
b35514909dd1ba45599c5f535621238a,9d82abb78c84c72c1802757c2c3733b8,delivered,2018-01-19 15:00:59,2018-01-19 15:13:22,2018-01-29 19:12:55,2018-02-08 15:19:07,2018-02-19 00:00:00
a30c919a89ae0abb92170254dcf8ff02,0691838627fb0142895c23d5459bed3c,delivered,2017-06-08 10:17:53,2017-06-08 10:25:29,2017-06-08 16:35:50,2017-06-21 17:19:11,2017-07-11 00:00:00
1686688dd0ee852ad4bf01ebdfc7d0ac,4d3fefcc29c7720a1164a186997c1148,delivered,2017-08-05 12:58:51,2017-08-05 13:15:10,2017-08-07 20:46:40,2017-08-21 16:25:37,2017-08-25 00:00:00
f4c8338a46de11977d4378c185a9dbaf,158a85476cfa94b54ad3811bd8e3ec57,delivered,2018-04-23 23:25:41,2018-04-24 17:30:16,2018-04-25 11:55:00,2018-05-07 11:22:32,2018-05-15 00:00:00
8fcba4aadf752a090bcb6f9bb70be752,d170df5f384dbacf5b4bdc322a41b966,delivered,2018-03-08 15:39:01,2018-03-09 02:15:46,2018-03-09 20:36:36,2018-03-30 00:22:44,2018-04-03 00:00:00
11ac39053e8c6e289d39a845c1a9c3b0,31f74614d63dae6a838d639204a889dc,delivered,2017-08-21 20:40:53,2017-08-21 20:55:22,2017-08-23 18:22:33,2017-09-06 22:39:43,2017-09-21 00:00:00
03ceacbc3d61dcaeade2b6b1ccc5fcfa,31648e97b367da55007879fe2ae215e9,delivered,2017-08-21 21:02:32,2017-08-21 21:15:15,2017-08-22 18:08:04,2017-08-25 20:42:49,2017-09-11 00:00:00
740878f3c8a802a2617e3879ea2d4f86,be4f0ebdda2ce97a95f0f2b9a6a28c76,delivered,2017-02-28 18:47:03,2017-02-28 19:19:56,2017-03-03 18:51:53,2017-03-15 12:51:42,2017-03-22 00:00:00
727a51d784105f91883012d7a797fcc0,0f2472966982432136bd3dc7098d5bde,delivered,2018-02-08 11:17:55,2018-02-08 11:50:36,2018-02-16 16:41:37,2018-02-22 13:26:53,2018-03-21 00:00:00
5168f4f478a3ad3d61e81119fc158910,ea58ac92790dd12b742089da5ea69a4a,delivered,2018-02-22 12:56:40,2018-02-22 14:20:53,2018-02-27 19:07:02,2018-03-15 18:32:21,2018-04-09 00:00:00
932a6270af6750a5192681cb29c17a6f,20b7cb7693554c07cc5cb8388f68d74c,delivered,2018-07-14 22:33:28,2018-07-14 22:45:09,2018-07-18 10:17:00,2018-07-25 15:28:33,2018-08-06 00:00:00
342aec7e6313f37e8c61478fa378b7dc,5b1994bd2076858421ee0d203c3cd206,delivered,2017-10-12 16:16:15,2017-10-12 16:35:19,2017-10-16 13:38:54,2017-10-19 16:16:07,2017-11-08 00:00:00
5c424723e6c31ecf7f61cf7b048c11d5,3363c6dd97eaf38cf514fde1ba912b66,delivered,2018-01-23 14:50:23,2018-01-23 14:59:24,2018-01-24 17:37:00,2018-01-25 15:07:03,2018-02-07 00:00:00
4010af255873d6e26073000d24a8f52f,82c595ab5dcb46ee4c08bcef2ba09981,delivered,2017-02-23 16:39:13,2017-02-23 16:50:26,2017-02-24 15:24:52,2017-03-07 19:42:02,2017-03-20 00:00:00
33b85e6449a3f1684051b4a02f871871,c3cd038d997ea6bbea55217829a7d158,delivered,2018-03-11 10:15:39,2018-03-12 10:15:42,2018-03-21 21:04:42,2018-03-28 21:56:36,2018-04-09 00:00:00
c2eddb0c2651699e1839ee701627449f,f6711380491a31e279445b3b8442af80,delivered,2018-07-19 07:50:06,2018-07-19 08:02:41,2018-07-20 12:34:00,2018-07-27 20:03:09,2018-08-16 00:00:00
4d23597bf5b51ea1013b02b6f435115b,6aca43b6fe52b0e9ed48efcaef471851,delivered,2017-04-13 01:42:36,2017-04-13 01:55:18,2017-04-17 12:24:01,2017-04-20 13:27:36,2017-05-05 00:00:00
e89ced624c37029ad8e8e12f036a1a55,d5a5625b39625a4576819d8b5b2c828a,delivered,2018-08-04 21:26:44,2018-08-04 21:44:21,2018-08-06 16:28:00,2018-08-08 16:35:03,2018-08-20 00:00:00
a0469b6e4b00520b86b346163905059e,bc3d67baa9151394d878ae0c0ca545b7,delivered,2018-08-16 12:37:38,2018-08-16 12:50:20,2018-08-16 14:03:00,2018-08-22 21:18:39,2018-08-27 00:00:00
2811a528a7b5ae1d207e9620a4c6b44b,153e52e63923244a66d19c4b0ca40f42,delivered,2018-07-27 08:44:31,2018-07-27 08:55:21,2018-07-30 13:53:00,2018-08-06 15:21:55,2018-08-17 00:00:00
0812b411edea2fcc36b4bc1f8e4e36aa,de8d5f6d930d3af55696a28ec701cb9d,delivered,2018-01-13 13:18:10,2018-01-13 13:29:28,2018-01-15 22:04:10,2018-01-29 20:32:27,2018-02-08 00:00:00
61a2a23b9b85cf80af8eec1db5136db2,68ae86b97d6adb244de7a0ee88a7585b,delivered,2018-05-09 10:12:40,2018-05-10 16:20:52,2018-05-11 14:50:00,2018-05-15 13:51:53,2018-05-23 00:00:00
719fa622ffdccd736b29beb1b22712d6,25be208ce6061ba99899ac85dd2f225d,delivered,2018-07-30 16:45:12,2018-07-30 19:31:36,2018-07-31 11:19:00,2018-08-01 17:34:55,2018-08-03 00:00:00
342f80dffbb78439bbdb1d94b8ee09da,a8b55141d82d0f3be057b4afaaa97625,delivered,2018-04-03 10:51:29,2018-04-05 02:30:15,2018-04-06 00:05:16,2018-04-06 22:32:34,2018-04-19 00:00:00
c9fda8a29af551413a142b672cd43b39,315ddf3319e828ec1a76fe9fb3b4797b,delivered,2018-05-13 22:58:20,2018-05-14 22:55:22,2018-05-17 12:26:00,2018-05-23 14:14:37,2018-06-08 00:00:00
e928f5fbefb30f228db4678d9222b231,950863681cb2112651ef0782da4e689d,canceled,2017-05-12 18:09:07,2017-05-12 18:15:18,,,2017-06-16 00:00:00
ca956d502f34466301d1268a2df5b0a3,be6ad148cd108f6148d20a8ec756fa1c,delivered,2018-08-03 17:13:19,2018-08-03 17:25:20,2018-08-08 18:21:00,2018-08-13 18:03:39,2018-08-20 00:00:00
a2a04ead650a00874aec73c0d989298b,0c5324c087cd266c3d99b0f1849bb8ef,delivered,2018-08-01 10:22:24,2018-08-02 05:05:11,2018-08-03 12:23:00,2018-08-04 16:44:35,2018-08-07 00:00:00
b031740afc01ce5052768cd623d5875c,a7c552b93d46c518aa55f41e46cae77a,delivered,2017-08-29 13:17:06,2017-08-29 13:25:27,2017-08-29 18:52:33,2017-09-01 16:35:40,2017-09-18 00:00:00
b7d49ac93afe42c4d1c6db6c1301b6d5,d3588db32cf2e767d97e157a9b9a753b,delivered,2018-04-19 21:17:19,2018-04-19 22:11:43,2018-04-23 23:28:50,2018-04-24 16:19:22,2018-05-08 00:00:00
a2f52e92cd1090e316f0f92c3615c179,9fc8572c7cf6582b01f270f41429e1fa,delivered,2018-08-10 22:50:14,2018-08-10 23:04:35,2018-08-13 12:01:00,2018-08-17 20:18:52,2018-08-27 00:00:00
4a4c61548dc56e17085376dffdec5d8b,232be61e81da1afafa33c3888fead05e,delivered,2017-12-24 16:32:14,2017-12-27 04:09:48,2017-12-27 23:26:59,2018-01-03 16:16:23,2018-01-23 00:00:00
851edd7bad3021e86dd7fa72e9a5688a,904c9a7f393dd1602377ebac952caf80,delivered,2017-07-14 14:34:28,2017-07-14 16:35:13,2017-07-18 19:03:23,2017-07-26 20:23:24,2017-08-11 00:00:00
44c497744f3f3876b15039fac1716dc2,c7612e7a71324ad99ce4ab5ba49a51e2,delivered,2018-07-24 20:08:28,2018-07-24 20:25:07,2018-07-27 18:03:00,2018-08-07 15:27:42,2018-08-15 00:00:00
d15a4c4d1426b7275d538063d8fe4c6a,5b70139504198431b1a8465887ec205b,delivered,2018-04-20 15:45:31,2018-04-24 18:44:29,2018-04-23 16:48:48,2018-04-24 17:24:50,2018-04-30 00:00:00
264838181624ad76b573c373a9862598,43f2176981dddf6c658f92c81be1dc72,delivered,2018-07-21 08:53:38,2018-07-21 09:10:09,2018-07-23 11:26:00,2018-08-09 15:56:28,2018-08-09 00:00:00
